Time_min,TCD_mV
0,0.454292457
0.003334445,0.461754667
0.00666889,0.530614786
0.010003334,0.605057183
0.013337779,0.557563426
0.016672224,0.507868168
0.020006669,0.470072195
0.023341114,0.466434275
0.026675559,0.454934243
0.030010003,0.511011404
0.033344448,0.502920768
0.036678893,0.525729806
0.040013338,0.555570191
0.043347783,0.534762443
0.046682227,0.520133469
0.050016672,0.5165562
0.053351117,0.497449429
0.056685562,0.511946894
0.060020007,0.512308765
0.063354451,0.502117258
0.066688896,0.506674262
0.070023341,0.499572782
0.073357786,0.458780473
0.076692231,0.459817412
0.080026676,0.455093356
0.08336112,0.490527508
0.086695565,0.456270174
0.09003001,0.439841713
0.093364455,0.462031072
0.0966989,0.480874304
0.100033344,0.503484445
0.103367789,0.531789307
0.106702234,0.512747198
0.110036679,0.485576134
0.113371124,0.500197392
0.116705569,0.471978399
0.120040013,0.429171673
0.123374458,0.460400366
0.126708903,0.46800262
0.130043348,0.475791594
0.133377793,0.527339098
0.136712237,0.522013438
0.140046682,0.456636604
0.143381127,0.466687543
0.146715572,0.459574944
0.150050017,0.456265155
0.153384461,0.450955653
0.156718906,0.448891363
0.160053351,0.448549507
0.163387796,0.478555516
0.166722241,0.504142175
0.170056686,0.528037072
0.17339113,0.504160074
0.176725575,0.503700228
0.18006002,0.541697203
0.183394465,0.516192486
0.18672891,0.493405186
0.190063354,0.478043211
0.193397799,0.472579488
0.196732244,0.489549019
0.200066689,0.499179624
0.203401134,0.510611834
0.206735579,0.517790118
0.210070023,0.457426395
0.213404468,0.46644256
0.216738913,0.472901332
0.220073358,0.496348357
0.223407803,0.560169232
0.226742247,0.58044657
0.230076692,0.530110957
0.233411137,0.541760825
0.236745582,0.535531885
0.240080027,0.513409967
0.243414471,0.51266405
0.246748916,0.524456574
0.250083361,0.519711386
0.253417806,0.507149286
0.256752251,0.506943203
0.260086696,0.466329373
0.26342114,0.464886526
0.266755585,0.500601334
0.27009003,0.539678876
0.273424475,0.492469141
0.27675892,0.415509016
0.280093364,0.405046509
0.283427809,0.429321387
0.286762254,0.473084957
0.290096699,0.590469435
0.293431144,0.607624357
0.296765589,0.571190272
0.300100033,0.551009208
0.303434478,0.47913024
0.306768923,0.430847182
0.310103368,0.457392388
0.313437813,0.498198253
0.316772257,0.549016506
0.320106702,0.526235189
0.323441147,0.465260463
0.326775592,0.418328043
0.330110037,0.418506073
0.333444481,0.454363345
0.336778926,0.50343361
0.340113371,0.535090256
0.343447816,0.578790651
0.346782261,0.598895843
0.350116706,0.641667158
0.35345115,0.599206251
0.356785595,0.526434743
0.36012004,0.487634451
0.363454485,0.474009325
0.36678893,0.523697564
0.370123374,0.556833055
0.373457819,0.574078392
0.376792264,0.509178327
0.380126709,0.513980702
0.383461154,0.495423202
0.386795599,0.521213349
0.390130043,0.502494902
0.393464488,0.520052487
0.396798933,0.506174607
0.400133378,0.491674624
0.403467823,0.522859134
0.406802267,0.517660131
0.410136712,0.481659022
0.413471157,0.485869012
0.416805602,0.50364568
0.420140047,0.483079145
0.423474491,0.541294037
0.426808936,0.565638548
0.430143381,0.523127456
0.433477826,0.532492238
0.436812271,0.509685543
0.440146716,0.483331612
0.44348116,0.433011503
0.446815605,0.44032044
0.45015005,0.430085701
0.453484495,0.488605554
0.45681894,0.508661541
0.460153384,0.541158561
0.463487829,0.552509337
0.466822274,0.56550598
0.470156719,0.564916962
0.473491164,0.582649745
0.476825609,0.557396721
0.480160053,0.541936842
0.483494498,0.551904981
0.486828943,0.552399742
0.490163388,0.555328732
0.493497833,0.598834681
0.496832277,0.546243054
0.500166722,0.49801979
0.503501167,0.444069423
0.506835612,0.497449939
0.510170057,0.52847317
0.513504502,0.547263384
0.516838946,0.526738337
0.520173391,0.547394101
0.523507836,0.539384029
0.526842281,0.605057265
0.530176726,0.606654359
0.53351117,0.572234092
0.536845615,0.541706355
0.54018006,0.536483967
0.543514505,0.517985258
0.54684895,0.492042252
0.550183394,0.518415777
0.553517839,0.573875247
0.556852284,0.578695849
0.560186729,0.658800455
0.563521174,0.663821079
0.566855619,0.580148058
0.570190063,0.509543547
0.573524508,0.479166978
0.576858953,0.422083411
0.580193398,0.487863731
0.583527843,0.499936936
0.586862287,0.515430086
0.590196732,0.551127174
0.593531177,0.548884434
0.596865622,0.511076539
0.600200067,0.479996461
0.603534512,0.443606961
0.606868956,0.442124731
0.610203401,0.497143519
0.613537846,0.503401344
0.616872291,0.547391358
0.620206736,0.554365222
0.62354118,0.536154402
0.626875625,0.488383728
0.63021007,0.442363621
0.633544515,0.45451427
0.63687896,0.459339598
0.640213404,0.46165191
0.643547849,0.426381028
0.646882294,0.389278586
0.650216739,0.439714914
0.653551184,0.538346022
0.656885629,0.587754361
0.660220073,0.564269803
0.663554518,0.536908343
0.666888963,0.472390445
0.670223408,0.541886473
0.673557853,0.594923846
0.676892297,0.592918246
0.680226742,0.525225905
0.683561187,0.523789573
0.686895632,0.485614186
0.690230077,0.505451766
0.693564522,0.49862227
0.696898966,0.453989921
0.700233411,0.436918325
0.703567856,0.430878525
0.706902301,0.4682011
0.710236746,0.534121004
0.71357119,0.540041244
0.716905635,0.536841642
0.72024008,0.479481246
0.723574525,0.429006218
0.72690897,0.445913059
0.730243414,0.480624062
0.733577859,0.484473591
0.736912304,0.487487881
0.740246749,0.461881076
0.743581194,0.476838235
0.746915639,0.556154641
0.750250083,0.585619692
0.753584528,0.554805754
0.756918973,0.496003048
0.760253418,0.445126192
0.763587863,0.434806499
0.766922307,0.459543124
0.770256752,0.511000097
0.773591197,0.540738856
0.776925642,0.541755202
0.780260087,0.546594786
0.783594532,0.561849203
0.786928976,0.540588846
0.790263421,0.529114851
0.793597866,0.564142777
0.796932311,0.546551526
0.800266756,0.546423774
0.8036012,0.531206822
0.806935645,0.491383364
0.81027009,0.461944881
0.813604535,0.449542089
0.81693898,0.453477615
0.820273424,0.493647349
0.823607869,0.451526937
0.826942314,0.441120122
0.830276759,0.437555162
0.833611204,0.435934827
0.836945649,0.511238601
0.840280093,0.569336048
0.843614538,0.549724764
0.846948983,0.567145506
0.850283428,0.526418483
0.853617873,0.514753936
0.856952317,0.511360093
0.860286762,0.506675531
0.863621207,0.44458584
0.866955652,0.437348079
0.870290097,0.498849083
0.873624542,0.507643006
0.876958986,0.531762553
0.880293431,0.529915734
0.883627876,0.435986366
0.886962321,0.396396233
0.890296766,0.438145136
0.89363121,0.430222209
0.896965655,0.490752778
0.9003001,0.523418066
0.903634545,0.532648753
0.90696899,0.563830068
0.910303434,0.590590604
0.913637879,0.597545259
0.916972324,0.574672575
0.920306769,0.501109021
0.923641214,0.449491908
0.926975659,0.464557956
0.930310103,0.483642174
0.933644548,0.533637192
0.936978993,0.535460254
0.940313438,0.501651534
0.943647883,0.511770496
0.946982327,0.542729919
0.950316772,0.548603869
0.953651217,0.572880309
0.956985662,0.556324941
0.960320107,0.516296411
0.963654552,0.502257199
0.966988996,0.496772636
0.970323441,0.514403355
0.973657886,0.544190484
0.976992331,0.530145259
0.980326776,0.50211969
0.98366122,0.490647936
0.986995665,0.489763073
0.99033011,0.537148718
0.993664555,0.536607948
0.996999,0.501845373
1.000333444,0.492822667
1.003667889,0.49077211
1.007002334,0.520412318
1.010336779,0.579851649
1.013671224,0.549265889
1.017005669,0.527618112
1.020340113,0.508979184
1.023674558,0.497028463
1.027009003,0.541701647
1.030343448,0.577106227
1.033677893,0.624226229
1.037012337,0.641904629
1.040346782,0.660387008
1.043681227,0.690814781
1.047015672,0.695276167
1.050350117,0.701950805
1.053684562,0.735077256
1.057019006,0.773390662
1.060353451,0.826133205
1.063687896,0.919313113
1.067022341,0.977665639
1.070356786,1.051562435
1.07369123,1.116027735
1.077025675,1.226895086
1.08036012,1.332959767
1.083694565,1.514166457
1.08702901,1.716931887
1.090363454,1.932997893
1.093697899,2.139095411
1.097032344,2.332895284
1.100366789,2.552636576
1.103701234,2.782720977
1.107035679,3.086847644
1.110370123,3.450944142
1.113704568,3.802359498
1.117039013,4.201195555
1.120373458,4.667049597
1.123707903,5.116006368
1.127042347,5.562848595
1.130376792,6.073042249
1.133711237,6.562594085
1.137045682,7.107659043
1.140380127,7.690599076
1.143714572,8.270621914
1.147049016,8.839116844
1.150383461,9.455404552
1.153717906,10.01084875
1.157052351,10.56343217
1.160386796,11.13645454
1.16372124,11.67946773
1.167055685,12.26320009
1.17039013,12.84658328
1.173724575,13.32917215
1.17705902,13.75617267
1.180393464,14.14906993
1.183727909,14.44865415
1.187062354,14.79107846
1.190396799,15.05678641
1.193731244,15.26007374
1.197065689,15.35663815
1.200400133,15.46808288
1.203734578,15.47692205
1.207069023,15.45868452
1.210403468,15.32724637
1.213737913,15.13275945
1.217072357,14.82966043
1.220406802,14.57679302
1.223741247,14.24014791
1.227075692,13.84052419
1.230410137,13.44703319
1.233744582,12.98785611
1.237079026,12.4417186
1.240413471,11.88609338
1.243747916,11.33334292
1.247082361,10.7414384
1.250416806,10.18263798
1.25375125,9.649562573
1.257085695,9.079222182
1.26042014,8.499483946
1.263754585,7.903677208
1.26708903,7.279753544
1.270423474,6.704091423
1.273757919,6.178544805
1.277092364,5.714656161
1.280426809,5.263182726
1.283761254,4.794742689
1.287095699,4.332484641
1.290430143,3.920008301
1.293764588,3.529989838
1.297099033,3.19593957
1.300433478,2.868238395
1.303767923,2.60576898
1.307102367,2.371748818
1.310436812,2.169445645
1.313771257,1.957205267
1.317105702,1.733886491
1.320440147,1.506763268
1.323774592,1.367006171
1.327109036,1.27808111
1.330443481,1.225289003
1.333777926,1.095212303
1.337112371,1.01483543
1.340446816,0.906158287
1.34378126,0.801238542
1.347115705,0.748097572
1.35045015,0.769103888
1.353784595,0.727174575
1.35711904,0.756970845
1.360453484,0.699283305
1.363787929,0.613849297
1.367122374,0.546282341
1.370456819,0.547787253
1.373791264,0.498070701
1.377125709,0.507940006
1.380460153,0.494989499
1.383794598,0.521331875
1.387129043,0.517267458
1.390463488,0.567563581
1.393797933,0.549369057
1.397132377,0.553112221
1.400466822,0.519270542
1.403801267,0.486122132
1.407135712,0.461316054
1.410470157,0.471665882
1.413804602,0.500598427
1.417139046,0.540141641
1.420473491,0.500368306
1.423807936,0.466037597
1.427142381,0.483334684
1.430476826,0.491856767
1.43381127,0.512332824
1.437145715,0.526467525
1.44048016,0.525622332
1.443814605,0.524123404
1.44714905,0.545635867
1.450483494,0.558146631
1.453817939,0.513550077
1.457152384,0.517861262
1.460486829,0.504827433
1.463821274,0.559513114
1.467155719,0.575964723
1.470490163,0.577209828
1.473824608,0.50184027
1.477159053,0.430627011
1.480493498,0.358092682
1.483827943,0.404169335
1.487162387,0.429340285
1.490496832,0.496095041
1.493831277,0.52770411
1.497165722,0.533703114
1.500500167,0.557972839
1.503834612,0.564488761
1.507169056,0.549321606
1.510503501,0.558462277
1.513837946,0.533095541
1.517172391,0.551582562
1.520506836,0.558950674
1.52384128,0.519249099
1.527175725,0.486158297
1.53051017,0.47505723
1.533844615,0.465143496
1.53717906,0.520828414
1.540513505,0.565048732
1.543847949,0.533254594
1.547182394,0.523991479
1.550516839,0.49546526
1.553851284,0.489245799
1.557185729,0.490699361
1.560520173,0.538733664
1.563854618,0.540262009
1.567189063,0.52478467
1.570523508,0.53945272
1.573857953,0.541432652
1.577192397,0.571980312
1.580526842,0.638608387
1.583861287,0.657062312
1.587195732,0.589014955
1.590530177,0.592947035
1.593864622,0.571647682
1.597199066,0.583326668
1.600533511,0.595362965
1.603867956,0.533470498
1.607202401,0.472737758
1.610536846,0.490402013
1.61387129,0.489480185
1.617205735,0.530322532
1.62054018,0.549745022
1.623874625,0.558331398
1.62720907,0.575931395
1.630543515,0.557924163
1.633877959,0.533444364
1.637212404,0.558458848
1.640546849,0.528930942
1.643881294,0.552336002
1.647215739,0.55617779
1.650550183,0.534799103
1.653884628,0.564794122
1.657219073,0.586862448
1.660553518,0.522207758
1.663887963,0.542682128
1.667222407,0.570383828
1.670556852,0.632872654
1.673891297,0.659849396
1.677225742,0.61996472
1.680560187,0.559039129
1.683894632,0.567851253
1.687229076,0.535338106
1.690563521,0.570329801
1.693897966,0.564673415
1.697232411,0.513448029
1.700566856,0.504974802
1.7039013,0.510110868
1.707235745,0.499900942
1.71057019,0.487538949
1.713904635,0.543516767
1.71723908,0.515887537
1.720573525,0.504334099
1.723907969,0.53487862
1.727242414,0.538838308
1.730576859,0.556107612
1.733911304,0.659510527
1.737245749,0.628551421
1.740580193,0.588522177
1.743914638,0.564307601
1.747249083,0.507991242
1.750583528,0.501423104
1.753917973,0.562950471
1.757252417,0.552298007
1.760586862,0.526945071
1.763921307,0.537090725
1.767255752,0.519738455
1.770590197,0.489097131
1.773924642,0.514585901
1.777259086,0.525307048
1.780593531,0.527834836
1.783927976,0.553264315
1.787262421,0.560793407
1.790596866,0.602750275
1.79393131,0.617061991
1.797265755,0.624019799
1.8006002,0.561861526
1.803934645,0.499777079
1.80726909,0.49097595
1.810603535,0.545456874
1.813937979,0.560048113
1.817272424,0.562704481
1.820606869,0.509790287
1.823941314,0.467834091
1.827275759,0.509419714
1.830610203,0.528991826
1.833944648,0.542969542
1.837279093,0.538498764
1.840613538,0.54734643
1.843947983,0.535029353
1.847282427,0.536250251
1.850616872,0.490121728
1.853951317,0.519256324
1.857285762,0.492490935
1.860620207,0.493809041
1.863954652,0.527142096
1.867289096,0.533059715
1.870623541,0.508802726
1.873957986,0.588003066
1.877292431,0.583410983
1.880626876,0.538766431
1.88396132,0.552546253
1.887295765,0.541773055
1.89063021,0.490403584
1.893964655,0.500145046
1.8972991,0.467143887
1.900633545,0.453552437
1.903967989,0.485241046
1.907302434,0.532711423
1.910636879,0.589881361
1.913971324,0.603544285
1.917305769,0.593151241
1.920640213,0.617459568
1.923974658,0.569642321
1.927309103,0.512480473
1.930643548,0.529845878
1.933977993,0.481406472
1.937312437,0.465405322
1.940646882,0.485489951
1.943981327,0.495587379
1.947315772,0.526140595
1.950650217,0.582092789
1.953984662,0.637340978
1.957319106,0.611501326
1.960653551,0.608184118
1.963987996,0.593098336
1.967322441,0.590707289
1.970656886,0.547412633
1.97399133,0.549867487
1.977325775,0.487849339
1.98066022,0.499773217
1.983994665,0.512111437
1.98732911,0.54875758
1.990663555,0.512497558
1.993997999,0.510021762
1.997332444,0.483545165
2.000666889,0.547035564
2.004001334,0.565620859
2.007335779,0.585719528
2.010670223,0.591450596
2.014004668,0.636316912
2.017339113,0.657498366
2.020673558,0.697726201
2.024008003,0.612472135
2.027342447,0.576738609
2.030676892,0.556258004
2.034011337,0.576788286
2.037345782,0.62500229
2.040680227,0.580528856
2.044014672,0.50716723
2.047349116,0.521945908
2.050683561,0.533452238
2.054018006,0.609308122
2.057352451,0.675885897
2.060686896,0.653923564
2.06402134,0.591825863
2.067355785,0.572365292
2.07069023,0.506181116
2.074024675,0.515370801
2.07735912,0.482040993
2.080693565,0.502614566
2.084028009,0.503312106
2.087362454,0.535194401
2.090696899,0.539040194
2.094031344,0.597514159
2.097365789,0.604652904
2.100700233,0.608959661
2.104034678,0.60749634
2.107369123,0.606189699
2.110703568,0.591487947
2.114038013,0.601236066
2.117372457,0.610962628
2.120706902,0.598514952
2.124041347,0.58064757
2.127375792,0.551996177
2.130710237,0.535364766
2.134044682,0.573752868
2.137379126,0.582937621
2.140713571,0.573110921
2.144048016,0.55082009
2.147382461,0.521722819
2.150716906,0.540191056
2.15405135,0.566950365
2.157385795,0.556259589
2.16072024,0.56049733
2.164054685,0.537896605
2.16738913,0.55944888
2.170723575,0.587966064
2.174058019,0.552456329
2.177392464,0.520190742
2.180726909,0.509344575
2.184061354,0.4459646
2.187395799,0.478868021
2.190730243,0.486531451
2.194064688,0.463035291
2.197399133,0.471145854
2.200733578,0.477995468
2.204068023,0.501264878
2.207402467,0.501807549
2.210736912,0.476966316
2.214071357,0.454985843
2.217405802,0.50433021
2.220740247,0.569548809
2.224074692,0.624193968
2.227409136,0.633257554
2.230743581,0.589224367
2.234078026,0.556680316
2.237412471,0.529526256
2.240746916,0.561755834
2.24408136,0.564997003
2.247415805,0.612647362
2.25075025,0.605656159
2.254084695,0.590799091
2.25741914,0.552381256
2.260753585,0.588403825
2.264088029,0.541116363
2.267422474,0.537178486
2.270756919,0.534814952
2.274091364,0.541072814
2.277425809,0.567883618
2.280760253,0.575568293
2.284094698,0.557542953
2.287429143,0.551650591
2.290763588,0.598357723
2.294098033,0.654722088
2.297432477,0.667003793
2.300766922,0.614656829
2.304101367,0.605819049
2.307435812,0.585197774
2.310770257,0.553759542
2.314104702,0.545083283
2.317439146,0.542599654
2.320773591,0.548650144
2.324108036,0.574184301
2.327442481,0.567076103
2.330776926,0.519514736
2.33411137,0.497732395
2.337445815,0.523603337
2.34078026,0.580689367
2.344114705,0.598223205
2.34744915,0.563934098
2.350783595,0.554453405
2.354118039,0.543949978
2.357452484,0.585193333
2.360786929,0.584995018
2.364121374,0.575359126
2.367455819,0.574514404
2.370790263,0.595869989
2.374124708,0.652212519
2.377459153,0.679813287
2.380793598,0.632118696
2.384128043,0.572092063
2.387462487,0.583444314
2.390796932,0.580794124
2.394131377,0.633959699
2.397465822,0.593659098
2.400800267,0.570110542
2.404134712,0.537267161
2.407469156,0.550290731
2.410803601,0.58156386
2.414138046,0.626702638
2.417472491,0.643634145
2.420806936,0.65374394
2.42414138,0.661576273
2.427475825,0.607010713
2.43081027,0.553572074
2.434144715,0.492383664
2.43747916,0.503563036
2.440813605,0.493679796
2.444148049,0.522327074
2.447482494,0.528075576
2.450816939,0.501042804
2.454151384,0.486326811
2.457485829,0.492651685
2.460820273,0.531113876
2.464154718,0.571408292
2.467489163,0.593431352
2.470823608,0.562671252
2.474158053,0.587067009
2.477492497,0.547453405
2.480826942,0.558127476
2.484161387,0.604436438
2.487495832,0.632442319
2.490830277,0.580167657
2.494164722,0.582819886
2.497499166,0.537588922
2.500833611,0.529737119
2.504168056,0.592847038
2.507502501,0.659175203
2.510836946,0.661839124
2.51417139,0.662481751
2.517505835,0.683456084
2.52084028,0.714390663
2.524174725,0.762205771
2.52750917,0.792120828
2.530843615,0.730323923
2.534178059,0.675354458
2.537512504,0.650546444
2.540846949,0.748698468
2.544181394,0.880136451
2.547515839,1.016948658
2.550850283,1.008921803
2.554184728,0.994350766
2.557519173,0.963115269
2.560853618,1.034778934
2.564188063,1.127204675
2.567522508,1.264478845
2.570856952,1.347086151
2.574191397,1.474220061
2.577525842,1.565054745
2.580860287,1.708108594
2.584194732,1.86750056
2.587529176,2.057830174
2.590863621,2.27056947
2.594198066,2.520695021
2.597532511,2.734810748
2.600866956,2.992306708
2.6042014,3.273972863
2.607535845,3.564353664
2.61087029,3.920701848
2.614204735,4.269789628
2.61753918,4.713192961
2.620873625,5.209518713
2.624208069,5.673385935
2.627542514,6.195679538
2.630876959,6.830777297
2.634211404,7.456980704
2.637545849,8.218340687
2.640880293,9.008557403
2.644214738,9.733707897
2.647549183,10.5613684
2.650883628,11.4932568
2.654218073,12.4851312
2.657552518,13.60948011
2.660886962,14.77117348
2.664221407,15.99550694
2.667555852,17.26487312
2.670890297,18.60435168
2.674224742,20.02993528
2.677559186,21.50375764
2.680893631,23.00318668
2.684228076,24.64579929
2.687562521,26.38043847
2.690896966,28.17577903
2.69423141,30.0384919
2.697565855,31.9163974
2.7009003,33.80014668
2.704234745,35.78583811
2.70756919,37.85704644
2.710903635,40.0026311
2.714238079,42.16144687
2.717572524,44.38084136
2.720906969,46.57938223
2.724241414,48.75691106
2.727575859,50.95718439
2.730910303,53.21310919
2.734244748,55.42581313
2.737579193,57.71227639
2.740913638,59.92102252
2.744248083,62.08156165
2.747582528,64.16379451
2.750916972,66.20681791
2.754251417,68.19419649
2.757585862,70.18816462
2.760920307,72.05924662
2.764254752,73.88001878
2.767589196,75.4834607
2.770923641,77.02240787
2.774258086,78.46399084
2.777592531,79.76554004
2.780926976,80.91656353
2.78426142,81.94731137
2.787595865,82.80889769
2.79093031,83.63902837
2.794264755,84.35648089
2.7975992,84.85073738
2.800933645,85.14513155
2.804268089,85.27016553
2.807602534,85.22657345
2.810936979,85.0942632
2.814271424,84.81790584
2.817605869,84.36620056
2.820940313,83.6860665
2.824274758,82.87237324
2.827609203,81.90012086
2.830943648,80.79427426
2.834278093,79.58470519
2.837612538,78.25907324
2.840946982,76.75275103
2.844281427,75.18168142
2.847615872,73.48609141
2.850950317,71.71025215
2.854284762,69.88377079
2.857619206,67.93991482
2.860953651,65.95206277
2.864288096,63.90929944
2.867622541,61.74210238
2.870956986,59.59507955
2.87429143,57.35333989
2.877625875,55.05245669
2.88096032,52.83202423
2.884294765,50.59481496
2.88762921,48.37753409
2.890963655,46.22243394
2.894298099,44.04949195
2.897632544,41.86925891
2.900966989,39.78490916
2.904301434,37.68763017
2.907635879,35.67249811
2.910970323,33.68903454
2.914304768,31.71291019
2.917639213,29.80761255
2.920973658,28.02594161
2.924308103,26.28093498
2.927642548,24.60378888
2.930976992,22.92756765
2.934311437,21.28635627
2.937645882,19.77545785
2.940980327,18.38615324
2.944314772,17.09147342
2.947649216,15.87177309
2.950983661,14.67021685
2.954318106,13.55467071
2.957652551,12.4596592
2.960986996,11.48265175
2.96432144,10.583573
2.967655885,9.702021065
2.97099033,8.876500272
2.974324775,8.092218739
2.97765922,7.38047367
2.980993665,6.796448326
2.984328109,6.232270971
2.987662554,5.661474896
2.990996999,5.137945002
2.994331444,4.640105398
2.997665889,4.237993947
3.001000333,3.870266991
3.004334778,3.52550467
3.007669223,3.22552996
3.011003668,2.94261581
3.014338113,2.678562078
3.017672558,2.420842494
3.021007002,2.164743714
3.024341447,1.922940349
3.027675892,1.728421369
3.031010337,1.598180025
3.034344782,1.489139317
3.037679226,1.391832052
3.041013671,1.317603493
3.044348116,1.214157213
3.047682561,1.092857784
3.051017006,1.032568914
3.05435145,0.972124811
3.057685895,0.928786139
3.06102034,0.864833043
3.064354785,0.838527373
3.06768923,0.771612376
3.071023675,0.718054748
3.074358119,0.70837119
3.077692564,0.702461207
3.081027009,0.670963681
3.084361454,0.688290971
3.087695899,0.659889834
3.091030343,0.59189457
3.094364788,0.594982731
3.097699233,0.595177867
3.101033678,0.582276527
3.104368123,0.572830334
3.107702568,0.530535134
3.111037012,0.542868874
3.114371457,0.547444154
3.117705902,0.574583211
3.121040347,0.583146248
3.124374792,0.550392825
3.127709236,0.492457809
3.131043681,0.482086921
3.134378126,0.449371495
3.137712571,0.445026593
3.141047016,0.538676136
3.14438146,0.565030321
3.147715905,0.566697239
3.15105035,0.583598359
3.154384795,0.560571278
3.15771924,0.478408978
3.161053685,0.514133238
3.164388129,0.497237853
3.167722574,0.499577412
3.171057019,0.558502214
3.174391464,0.529581086
3.177725909,0.472107403
3.181060353,0.460067128
3.184394798,0.434283369
3.187729243,0.48516783
3.191063688,0.495949829
3.194398133,0.48134799
3.197732578,0.553372532
3.201067022,0.585772876
3.204401467,0.621908296
3.207735912,0.699589586
3.211070357,0.668137591
3.214404802,0.624902272
3.217739246,0.591860187
3.221073691,0.514163211
3.224408136,0.512339899
3.227742581,0.57545287
3.231077026,0.628478626
3.23441147,0.6412835
3.237745915,0.591832899
3.24108036,0.523970115
3.244414805,0.486655909
3.24774925,0.510503357
3.251083695,0.544330605
3.254418139,0.583838389
3.257752584,0.581091391
3.261087029,0.571239397
3.264421474,0.588046234
3.267755919,0.628272841
3.271090363,0.670177368
3.274424808,0.657555655
3.277759253,0.559952817
3.281093698,0.533846514
3.284428143,0.50799855
3.287762588,0.53682037
3.291097032,0.548137427
3.294431477,0.523943865
3.297765922,0.513628002
3.301100367,0.541445987
3.304434812,0.532380502
3.307769256,0.553118913
3.311103701,0.545865734
3.314438146,0.571615558
3.317772591,0.617576367
3.321107036,0.60082894
3.32444148,0.576705004
3.327775925,0.554584304
3.33111037,0.528436793
3.334444815,0.557055559
3.33777926,0.620263877
3.341113705,0.627973546
3.344448149,0.621354648
3.347782594,0.632523458
3.351117039,0.552590713
3.354451484,0.528412207
3.357785929,0.534505652
3.361120373,0.540074914
3.364454818,0.56449189
3.367789263,0.579707349
3.371123708,0.51438
3.374458153,0.526268436
3.377792598,0.50695825
3.381127042,0.557128226
3.384461487,0.639503333
3.387795932,0.605392616
3.391130377,0.61124326
3.394464822,0.647187138
3.397799266,0.61385877
3.401133711,0.644189171
3.404468156,0.643106546
3.407802601,0.566158787
3.411137046,0.561529991
3.41447149,0.554521778
3.417805935,0.536304557
3.42114038,0.555442062
3.424474825,0.558010664
3.42780927,0.543800758
3.431143715,0.548032664
3.434478159,0.564440357
3.437812604,0.578912207
3.441147049,0.600098788
3.444481494,0.640640338
3.447815939,0.590092867
3.451150383,0.572164165
3.454484828,0.573455192
3.457819273,0.618272067
3.461153718,0.681493711
3.464488163,0.725681784
3.467822608,0.683610133
3.471157052,0.626975906
3.474491497,0.600610144
3.477825942,0.616340839
3.481160387,0.657657602
3.484494832,0.63841161
3.487829276,0.639394183
3.491163721,0.593317284
3.494498166,0.608925125
3.497832611,0.624850459
3.501167056,0.622478509
3.504501501,0.522122023
3.507835945,0.535541359
3.51117039,0.563657091
3.514504835,0.617370249
3.51783928,0.660554841
3.521173725,0.61701693
3.524508169,0.500559849
3.527842614,0.519377087
3.531177059,0.563270606
3.534511504,0.572455476
3.537845949,0.60388504
3.541180393,0.594352716
3.544514838,0.593810166
3.547849283,0.620623177
3.551183728,0.605811082
3.554518173,0.546448851
3.557852618,0.504342074
3.561187062,0.453079412
3.564521507,0.457757292
3.567855952,0.494917561
3.571190397,0.525898492
3.574524842,0.558402449
3.577859286,0.571766185
3.581193731,0.553844812
3.584528176,0.521641544
3.587862621,0.528347739
3.591197066,0.551828869
3.594531511,0.571591606
3.597865955,0.58326124
3.6012004,0.539592808
3.604534845,0.515436084
3.60786929,0.502159728
3.611203735,0.509936564
3.614538179,0.53233919
3.617872624,0.533095524
3.621207069,0.526450368
3.624541514,0.578245386
3.627875959,0.592978864
3.631210403,0.597340821
3.634544848,0.614324911
3.637879293,0.618682561
3.641213738,0.606416826
3.644548183,0.597247619
3.647882628,0.579445188
3.651217072,0.543031616
3.654551517,0.581827169
3.657885962,0.629733616
3.661220407,0.608596352
3.664554852,0.585658156
3.667889296,0.555489572
3.671223741,0.499449457
3.674558186,0.516544005
3.677892631,0.518540626
3.681227076,0.558801623
3.684561521,0.574633859
3.687895965,0.611150873
3.69123041,0.595709755
3.694564855,0.597175024
3.6978993,0.602714859
3.701233745,0.609937724
3.704568189,0.572798475
3.707902634,0.574848831
3.711237079,0.563825116
3.714571524,0.606902707
3.717905969,0.657632841
3.721240413,0.653996524
3.724574858,0.64415254
3.727909303,0.615801122
3.731243748,0.60380923
3.734578193,0.579984233
3.737912638,0.568266398
3.741247082,0.579759506
3.744581527,0.558645754
3.747915972,0.536941418
3.751250417,0.560116294
3.754584862,0.535890695
3.757919306,0.527740728
3.761253751,0.556683779
3.764588196,0.520728115
3.767922641,0.531848277
3.771257086,0.544737052
3.774591531,0.578663389
3.777925975,0.587705137
3.78126042,0.622274746
3.784594865,0.622908961
3.78792931,0.602287094
3.791263755,0.600658853
3.794598199,0.63165446
3.797932644,0.6263709
3.801267089,0.664769922
3.804601534,0.662745221
3.807935979,0.599758677
3.811270423,0.562243619
3.814604868,0.521356762
3.817939313,0.519410069
3.821273758,0.586761409
3.824608203,0.601762945
3.827942648,0.593363878
3.831277092,0.559333018
3.834611537,0.52426434
3.837945982,0.554408914
3.841280427,0.563875464
3.844614872,0.586067068
3.847949316,0.574354749
3.851283761,0.563710508
3.854618206,0.514652567
3.857952651,0.553259784
3.861287096,0.515798994
3.864621541,0.578413084
3.867955985,0.56311397
3.87129043,0.568543586
3.874624875,0.543892698
3.87795932,0.553155435
3.881293765,0.560577045
3.884628209,0.595336043
3.887962654,0.588281384
3.891297099,0.621572127
3.894631544,0.631324871
3.897965989,0.643705272
3.901300433,0.62667191
3.904634878,0.554759351
3.907969323,0.519081856
3.911303768,0.54280014
3.914638213,0.56458724
3.917972658,0.65725539
3.921307102,0.62048268
3.924641547,0.544846036
3.927975992,0.5341757
3.931310437,0.526967632
3.934644882,0.517940882
3.937979326,0.612053094
3.941313771,0.610891799
3.944648216,0.603939619
3.947982661,0.667468742
3.951317106,0.58954079
3.954651551,0.523744147
3.957985995,0.525293604
3.96132044,0.490904824
3.964654885,0.50244646
3.96798933,0.569453329
3.971323775,0.570294159
3.974658219,0.594092852
3.977992664,0.657187531
3.981327109,0.648071422
3.984661554,0.630521411
3.987995999,0.594361194
3.991330443,0.567277871
3.994664888,0.520174466
3.997999333,0.56822244
4.001333778,0.589229056
4.004668223,0.625475541
4.008002668,0.617236791
4.011337112,0.635443747
4.014671557,0.60697786
4.018006002,0.600127873
4.021340447,0.553970105
4.024674892,0.519823543
4.028009336,0.511305232
4.031343781,0.537223212
4.034678226,0.563033113
4.038012671,0.574910124
4.041347116,0.546881359
4.044681561,0.576450627
4.048016005,0.58616643
4.05135045,0.585000195
4.054684895,0.585022976
4.05801934,0.557853429
4.061353785,0.510861435
4.064688229,0.53208883
4.068022674,0.519128472
4.071357119,0.504734408
4.074691564,0.550763487
4.078026009,0.572475156
4.081360453,0.585908976
4.084694898,0.593072404
4.088029343,0.571845105
4.091363788,0.488598997
4.094698233,0.471981192
4.098032678,0.469421699
4.101367122,0.504432367
4.104701567,0.606814118
4.108036012,0.629364151
4.111370457,0.648536698
4.114704902,0.626500614
4.118039346,0.581908553
4.121373791,0.524624198
4.124708236,0.608809213
4.128042681,0.579879726
4.131377126,0.660483886
4.134711571,0.62763818
4.138046015,0.552142492
4.14138046,0.521794198
4.144714905,0.549626722
4.14804935,0.568782983
4.151383795,0.640138457
4.154718239,0.656637965
4.158052684,0.648164896
4.161387129,0.705517538
4.164721574,0.694068584
4.168056019,0.657431154
4.171390463,0.596506533
4.174724908,0.576413852
4.178059353,0.526043803
4.181393798,0.542102606
4.184728243,0.547361851
4.188062688,0.518606714
4.191397132,0.496145097
4.194731577,0.520489193
4.198066022,0.557422114
4.201400467,0.586105646
4.204734912,0.590063459
4.208069356,0.559715776
4.211403801,0.518332302
4.214738246,0.523813453
4.218072691,0.552345567
4.221407136,0.583832239
4.224741581,0.585932323
4.228076025,0.577347887
4.23141047,0.598881696
4.234744915,0.575880987
4.23807936,0.573527664
4.241413805,0.588943487
4.244748249,0.580998538
4.248082694,0.620129786
4.251417139,0.665509438
4.254751584,0.638348696
4.258086029,0.597198209
4.261420473,0.51148182
4.264754918,0.458349298
4.268089363,0.499652742
4.271423808,0.512767468
4.274758253,0.566356396
4.278092698,0.588657008
4.281427142,0.570031731
4.284761587,0.56777054
4.288096032,0.620386835
4.291430477,0.616472254
4.294764922,0.65133208
4.298099366,0.630661085
4.301433811,0.586104534
4.304768256,0.59193875
4.308102701,0.632014418
4.311437146,0.632729666
4.314771591,0.659505306
4.318106035,0.649773521
4.32144048,0.616016369
4.324774925,0.584638607
4.32810937,0.536202306
4.331443815,0.494592999
4.334778259,0.506615201
4.338112704,0.558133513
4.341447149,0.572711137
4.344781594,0.619737274
4.348116039,0.629941619
4.351450483,0.626452729
4.354784928,0.619187755
4.358119373,0.608747792
4.361453818,0.543693795
4.364788263,0.553198985
4.368122708,0.512545334
4.371457152,0.533558355
4.374791597,0.572890866
4.378126042,0.628181941
4.381460487,0.660423086
4.384794932,0.679216372
4.388129376,0.642584819
4.391463821,0.617336077
4.394798266,0.600385347
4.398132711,0.579098151
4.401467156,0.613221596
4.404801601,0.647867837
4.408136045,0.66472948
4.41147049,0.644055651
4.414804935,0.64993881
4.41813938,0.622216875
4.421473825,0.625651272
4.424808269,0.621270527
4.428142714,0.619622093
4.431477159,0.619958679
4.434811604,0.601653142
4.438146049,0.584227194
4.441480493,0.572932547
4.444814938,0.578432745
4.448149383,0.577764037
4.451483828,0.594105081
4.454818273,0.565002949
4.458152718,0.533903426
4.461487162,0.521098598
4.464821607,0.554085517
4.468156052,0.514310665
4.471490497,0.555604048
4.474824942,0.590886038
4.478159386,0.5682996
4.481493831,0.608273968
4.484828276,0.632993978
4.488162721,0.592359136
4.491497166,0.631239654
4.494831611,0.611328993
4.498166055,0.551788762
4.5015005,0.556768489
4.504834945,0.564417172
4.50816939,0.58351725
4.511503835,0.626818306
4.514838279,0.624537131
4.518172724,0.598898519
4.521507169,0.583817887
4.524841614,0.581189551
4.528176059,0.568600446
4.531510504,0.584110972
4.534844948,0.561703157
4.538179393,0.543772518
4.541513838,0.584077487
4.544848283,0.598253942
4.548182728,0.581419175
4.551517172,0.585403768
4.554851617,0.60141458
4.558186062,0.591776403
4.561520507,0.612681925
4.564854952,0.621562182
4.568189396,0.558601692
4.571523841,0.565291588
4.574858286,0.619972768
4.578192731,0.633044799
4.581527176,0.662612258
4.584861621,0.673579885
4.588196065,0.587875139
4.59153051,0.597455648
4.594864955,0.524405573
4.5981994,0.51870369
4.601533845,0.505204602
4.604868289,0.57213458
4.608202734,0.622652628
4.611537179,0.694400271
4.614871624,0.628356626
4.618206069,0.60619828
4.621540514,0.512905209
4.624874958,0.525402489
4.628209403,0.503333693
4.631543848,0.521211703
4.634878293,0.549989747
4.638212738,0.54358552
4.641547182,0.601350477
4.644881627,0.637742719
4.648216072,0.646643714
4.651550517,0.633656108
4.654884962,0.641215392
4.658219406,0.582920671
4.661553851,0.618599919
4.664888296,0.618479715
4.668222741,0.637319682
4.671557186,0.583833989
4.674891631,0.617601823
4.678226075,0.622607403
4.68156052,0.617994207
4.684894965,0.61093338
4.68822941,0.600833558
4.691563855,0.571056808
4.694898299,0.601635363
4.698232744,0.628403414
4.701567189,0.629338561
4.704901634,0.619576592
4.708236079,0.564265903
4.711570524,0.507079405
4.714904968,0.487392712
4.718239413,0.488486596
4.721573858,0.517193446
4.724908303,0.541124966
4.728242748,0.582449183
4.731577192,0.633681688
4.734911637,0.688208404
4.738246082,0.682875186
4.741580527,0.69395896
4.744914972,0.633603734
4.748249416,0.63013441
4.751583861,0.594305401
4.754918306,0.595516592
4.758252751,0.610408885
4.761587196,0.62075903
4.764921641,0.606151901
4.768256085,0.620795067
4.77159053,0.586272112
4.774924975,0.562440838
4.77825942,0.590132722
4.781593865,0.574939871
4.784928309,0.563261731
4.788262754,0.593739321
4.791597199,0.629588265
4.794931644,0.655851115
4.798266089,0.708070828
4.801600534,0.688210814
4.804934978,0.660735989
4.808269423,0.647999558
4.811603868,0.63920135
4.814938313,0.614624279
4.818272758,0.580466544
4.821607202,0.568947289
4.824941647,0.645886808
4.828276092,0.648695348
4.831610537,0.635019963
4.834944982,0.601781134
4.838279426,0.552178408
4.841613871,0.528847387
4.844948316,0.555422397
4.848282761,0.570542049
4.851617206,0.575777612
4.854951651,0.571898077
4.858286095,0.574124478
4.86162054,0.60255942
4.864954985,0.615276016
4.86828943,0.651143682
4.871623875,0.601392567
4.874958319,0.53624863
4.878292764,0.487022195
4.881627209,0.510389678
4.884961654,0.507455722
4.888296099,0.547418338
4.891630544,0.578456538
4.894964988,0.598957274
4.898299433,0.61845102
4.901633878,0.669321253
4.904968323,0.652353627
4.908302768,0.659488877
4.911637212,0.659263011
4.914971657,0.674267986
4.918306102,0.636410724
4.921640547,0.639631509
4.924974992,0.619010594
4.928309436,0.605933054
4.931643881,0.578299707
4.934978326,0.58751311
4.938312771,0.596616627
4.941647216,0.578841041
4.944981661,0.591087763
4.948316105,0.551255373
4.95165055,0.514580243
4.954984995,0.534779578
4.95831944,0.610435118
4.961653885,0.646418954
4.964988329,0.72562852
4.968322774,0.662197328
4.971657219,0.582928579
4.974991664,0.536865998
4.978326109,0.49971744
4.981660554,0.545854921
4.984994998,0.600658552
4.988329443,0.609091479
4.991663888,0.609283178
4.994998333,0.594586568
4.998332778,0.533625005
5.001667222,0.502181402
5.005001667,0.482490181
5.008336112,0.538377267
5.011670557,0.614887971
5.015005002,0.628953871
5.018339446,0.605041714
5.021673891,0.584166656
5.025008336,0.571884067
5.028342781,0.594724342
5.031677226,0.606139658
5.035011671,0.569788022
5.038346115,0.543077834
5.04168056,0.587565765
5.045015005,0.605464206
5.04834945,0.627748544
5.051683895,0.601106232
5.055018339,0.578105804
5.058352784,0.529776039
5.061687229,0.504236095
5.065021674,0.50924898
5.068356119,0.527850989
5.071690564,0.532670744
5.075025008,0.576924318
5.078359453,0.597450929
5.081693898,0.554681689
5.085028343,0.55716095
5.088362788,0.567764333
5.091697232,0.609008702
5.095031677,0.617005124
5.098366122,0.654162855
5.101700567,0.685536279
5.105035012,0.616945857
5.108369456,0.591546399
5.111703901,0.573982627
5.115038346,0.547508483
5.118372791,0.567058636
5.121707236,0.624277011
5.125041681,0.583016458
5.128376125,0.561411416
5.13171057,0.536803711
5.135045015,0.577243818
5.13837946,0.585625846
5.141713905,0.630414437
5.145048349,0.654420075
5.148382794,0.620664141
5.151717239,0.600764972
5.155051684,0.625257611
5.158386129,0.598463767
5.161720574,0.606797785
5.165055018,0.56049479
5.168389463,0.554439758
5.171723908,0.585298639
5.175058353,0.636992097
5.178392798,0.637516875
5.181727242,0.601639829
5.185061687,0.563854662
5.188396132,0.558920282
5.191730577,0.566534581
5.195065022,0.582384765
5.198399466,0.604355697
5.201733911,0.585977973
5.205068356,0.656934833
5.208402801,0.639008895
5.211737246,0.628362467
5.215071691,0.617543059
5.218406135,0.626998135
5.22174058,0.635880663
5.225075025,0.624141484
5.22840947,0.571575648
5.231743915,0.535478568
5.235078359,0.567941703
5.238412804,0.59611188
5.241747249,0.65021058
5.245081694,0.644377634
5.248416139,0.619369688
5.251750584,0.605246443
5.255085028,0.596615372
5.258419473,0.590766149
5.261753918,0.578725983
5.265088363,0.592004168
5.268422808,0.622688188
5.271757252,0.64194432
5.275091697,0.581580442
5.278426142,0.596857707
5.281760587,0.553046879
5.285095032,0.557446375
5.288429476,0.600002824
5.291763921,0.611477324
5.295098366,0.568527714
5.298432811,0.613970339
5.301767256,0.586229737
5.305101701,0.570045068
5.308436145,0.590462835
5.31177059,0.588857967
5.315105035,0.560267251
5.31843948,0.597654235
5.321773925,0.58131768
5.325108369,0.56920881
5.328442814,0.562215261
5.331777259,0.553227133
5.335111704,0.550341704
5.338446149,0.555293573
5.341780594,0.560952536
5.345115038,0.582412033
5.348449483,0.584637158
5.351783928,0.610870434
5.355118373,0.606718624
5.358452818,0.572413808
5.361787262,0.613489036
5.365121707,0.615010352
5.368456152,0.59443233
5.371790597,0.576512026
5.375125042,0.601802036
5.378459486,0.584617465
5.381793931,0.60349803
5.385128376,0.599033007
5.388462821,0.646698731
5.391797266,0.676522396
5.395131711,0.744900445
5.398466155,0.69385461
5.4018006,0.600524744
5.405135045,0.515006241
5.40846949,0.53840189
5.411803935,0.57870612
5.415138379,0.659465575
5.418472824,0.688006013
5.421807269,0.67057975
5.425141714,0.595564652
5.428476159,0.554954241
5.431810604,0.529851549
5.435145048,0.555592197
5.438479493,0.55949349
5.441813938,0.595277525
5.445148383,0.566865736
5.448482828,0.556347788
5.451817272,0.576722912
5.455151717,0.58988068
5.458486162,0.621753636
5.461820607,0.685445017
5.465155052,0.671589709
5.468489496,0.700931172
5.471823941,0.717014091
5.475158386,0.676225701
5.478492831,0.671247134
5.481827276,0.660040077
5.485161721,0.606041203
5.488496165,0.627786249
5.49183061,0.625055113
5.495165055,0.583272061
5.4984995,0.522913647
5.501833945,0.514423388
5.505168389,0.502972609
5.508502834,0.584671633
5.511837279,0.670043484
5.515171724,0.668428433
5.518506169,0.613868156
5.521840614,0.58385107
5.525175058,0.56136667
5.528509503,0.518608265
5.531843948,0.549114093
5.535178393,0.567228959
5.538512838,0.619463978
5.541847282,0.668065213
5.545181727,0.721375257
5.548516172,0.708482439
5.551850617,0.69687261
5.555185062,0.663956739
5.558519507,0.628358102
5.561853951,0.568223045
5.565188396,0.549009553
5.568522841,0.552626839
5.571857286,0.541765871
5.575191731,0.571140511
5.578526175,0.552752105
5.58186062,0.559747094
5.585195065,0.586755362
5.58852951,0.574506069
5.591863955,0.560396131
5.595198399,0.564542919
5.598532844,0.498612956
5.601867289,0.521535
5.605201734,0.570531075
5.608536179,0.592561595
5.611870624,0.577638378
5.615205068,0.597205898
5.618539513,0.519323761
5.621873958,0.510481529
5.625208403,0.568765078
5.628542848,0.60766485
5.631877292,0.663275809
5.635211737,0.706850913
5.638546182,0.690072136
5.641880627,0.69582137
5.645215072,0.690979462
5.648549517,0.660690711
5.651883961,0.653838297
5.655218406,0.646105938
5.658552851,0.616201711
5.661887296,0.625370878
5.665221741,0.601068377
5.668556185,0.589316874
5.67189063,0.573442318
5.675225075,0.614581371
5.67855952,0.604440906
5.681893965,0.623900327
5.685228409,0.613959078
5.688562854,0.603919293
5.691897299,0.577201086
5.695231744,0.564036567
5.698566189,0.579426288
5.701900634,0.639237221
5.705235078,0.662320587
5.708569523,0.717118854
5.711903968,0.705458798
5.715238413,0.679061654
5.718572858,0.654150864
5.721907302,0.627658105
5.725241747,0.565771273
5.728576192,0.592089811
5.731910637,0.609197639
5.735245082,0.623709596
5.738579527,0.631212391
5.741913971,0.61186689
5.745248416,0.603158959
5.748582861,0.627310522
5.751917306,0.639209189
5.755251751,0.639869471
5.758586195,0.655465421
5.76192064,0.66763465
5.765255085,0.664933725
5.76858953,0.648007802
5.771923975,0.5901947
5.775258419,0.631972662
5.778592864,0.668896558
5.781927309,0.678823051
5.785261754,0.65951537
5.788596199,0.63890109
5.791930644,0.624079644
5.795265088,0.674263516
5.798599533,0.682418841
5.801933978,0.663459272
5.805268423,0.633051226
5.808602868,0.637249621
5.811937312,0.623599023
5.815271757,0.605463464
5.818606202,0.567914149
5.821940647,0.540103846
5.825275092,0.525954463
5.828609537,0.559879232
5.831943981,0.569942581
5.835278426,0.630073356
5.838612871,0.656524566
5.841947316,0.68624575
5.845281761,0.72431628
5.848616205,0.72461002
5.85195065,0.678356425
5.855285095,0.641146086
5.85861954,0.577329976
5.861953985,0.589253989
5.865288429,0.630722153
5.868622874,0.622014717
5.871957319,0.653563615
5.875291764,0.673459214
5.878626209,0.673206043
5.881960654,0.679760263
5.885295098,0.670553451
5.888629543,0.597767933
5.891963988,0.587276316
5.895298433,0.573974554
5.898632878,0.558520469
5.901967322,0.580057855
5.905301767,0.626568936
5.908636212,0.68272233
5.911970657,0.714340792
5.915305102,0.685851184
5.918639547,0.64284057
5.921973991,0.642921797
5.925308436,0.58318057
5.928642881,0.616372343
5.931977326,0.625225187
5.935311771,0.628405303
5.938646215,0.637550342
5.94198066,0.653145827
5.945315105,0.618505019
5.94864955,0.59631951
5.951983995,0.536112648
5.955318439,0.547181858
5.958652884,0.508608387
5.961987329,0.54157184
5.965321774,0.591288257
5.968656219,0.599126647
5.971990664,0.584630182
5.975325108,0.617513441
5.978659553,0.602458511
5.981993998,0.579085189
5.985328443,0.590307149
5.988662888,0.564961058
5.991997332,0.570275432
5.995331777,0.592597348
5.998666222,0.603885532
6.002000667,0.585768393
6.005335112,0.607497291
6.008669557,0.577933475
6.012004001,0.587920133
6.015338446,0.599190404
6.018672891,0.612378253
6.022007336,0.638719444
6.025341781,0.67168486
6.028676225,0.684856833
6.03201067,0.693933036
6.035345115,0.686316753
6.03867956,0.649275291
6.042014005,0.622694696
6.045348449,0.555726426
6.048682894,0.555992115
6.052017339,0.541983605
6.055351784,0.564674992
6.058686229,0.618823941
6.062020674,0.683035476
6.065355118,0.666644642
6.068689563,0.666831517
6.072024008,0.607933304
6.075358453,0.552003688
6.078692898,0.567145876
6.082027342,0.623923041
6.085361787,0.675165591
6.088696232,0.689496649
6.092030677,0.702256941
6.095365122,0.655609657
6.098699567,0.633084
6.102034011,0.604314038
6.105368456,0.564182128
6.108702901,0.547551453
6.112037346,0.570735391
6.115371791,0.600673382
6.118706235,0.648149675
6.12204068,0.632536039
6.125375125,0.636363858
6.12870957,0.655302753
6.132044015,0.697382086
6.135378459,0.680711719
6.138712904,0.659084123
6.142047349,0.608916047
6.145381794,0.595481734
6.148716239,0.625056844
6.152050684,0.699193089
6.155385128,0.689988962
6.158719573,0.641370876
6.162054018,0.599478374
6.165388463,0.573248359
6.168722908,0.579008008
6.172057352,0.635920443
6.175391797,0.656165198
6.178726242,0.656002979
6.182060687,0.658085934
6.185395132,0.636384671
6.188729577,0.649195047
6.192064021,0.688062418
6.195398466,0.66534151
6.198732911,0.642629731
6.202067356,0.635956589
6.205401801,0.601441632
6.208736245,0.57555249
6.21207069,0.603544456
6.215405135,0.60152399
6.21873958,0.603928868
6.222074025,0.599729168
6.225408469,0.62091688
6.228742914,0.587902486
6.232077359,0.622420149
6.235411804,0.606180225
6.238746249,0.608383403
6.242080694,0.570824486
6.245415138,0.605621164
6.248749583,0.643980136
6.252084028,0.708977767
6.255418473,0.692696215
6.258752918,0.646631711
6.262087362,0.658941186
6.265421807,0.6420789
6.268756252,0.61525574
6.272090697,0.604710125
6.275425142,0.60457132
6.278759587,0.61324396
6.282094031,0.741388039
6.285428476,0.72502309
6.288762921,0.637532149
6.292097366,0.585387002
6.295431811,0.586178877
6.298766255,0.622510984
6.3021007,0.71137763
6.305435145,0.697272589
6.30876959,0.668789412
6.312104035,0.691522246
6.315438479,0.680339343
6.318772924,0.640207469
6.322107369,0.68551847
6.325441814,0.676569164
6.328776259,0.698414009
6.332110704,0.701264951
6.335445148,0.710096265
6.338779593,0.685703179
6.342114038,0.718179012
6.345448483,0.686807913
6.348782928,0.701644546
6.352117372,0.657230661
6.355451817,0.631159107
6.358786262,0.602656608
6.362120707,0.61841999
6.365455152,0.668184716
6.368789597,0.731121293
6.372124041,0.741700032
6.375458486,0.703485975
6.378792931,0.652696508
6.382127376,0.595096672
6.385461821,0.58285563
6.388796265,0.582061179
6.39213071,0.593730161
6.395465155,0.603028534
6.3987996,0.58847406
6.402134045,0.592482326
6.405468489,0.588283199
6.408802934,0.605627876
6.412137379,0.627619191
6.415471824,0.655307482
6.418806269,0.646453209
6.422140714,0.658463599
6.425475158,0.623002698
6.428809603,0.536901203
6.432144048,0.555372497
6.435478493,0.569806682
6.438812938,0.636251311
6.442147382,0.71643446
6.445481827,0.735974686
6.448816272,0.681231076
6.452150717,0.649289179
6.455485162,0.562103168
6.458819607,0.545886779
6.462154051,0.564350084
6.465488496,0.610299735
6.468822941,0.669193095
6.472157386,0.658072517
6.475491831,0.6404014
6.478826275,0.58474908
6.48216072,0.560253122
6.485495165,0.6117508
6.48882961,0.605947814
6.492164055,0.617068518
6.495498499,0.594278105
6.498832944,0.550687058
6.502167389,0.609517525
6.505501834,0.656225713
6.508836279,0.701407042
6.512170724,0.75816225
6.515505168,0.72680181
6.518839613,0.696088686
6.522174058,0.734739329
6.525508503,0.667849685
6.528842948,0.686261113
6.532177392,0.651772996
6.535511837,0.59067363
6.538846282,0.536840932
6.542180727,0.571348588
6.545515172,0.572380248
6.548849617,0.628539023
6.552184061,0.636466341
6.555518506,0.627726007
6.558852951,0.599266874
6.562187396,0.60396966
6.565521841,0.621036831
6.568856285,0.625247274
6.57219073,0.60467643
6.575525175,0.600546094
6.57885962,0.641155177
6.582194065,0.636441893
6.58552851,0.720468609
6.588862954,0.698971228
6.592197399,0.686267444
6.595531844,0.67444588
6.598866289,0.682557633
6.602200734,0.633737462
6.605535178,0.614861406
6.608869623,0.550303427
6.612204068,0.569193966
6.615538513,0.600699282
6.618872958,0.658511372
6.622207402,0.67468182
6.625541847,0.62119641
6.628876292,0.605980909
6.632210737,0.602417117
6.635545182,0.596650271
6.638879627,0.5926304
6.642214071,0.58783394
6.645548516,0.554956451
6.648882961,0.602514167
6.652217406,0.639660032
6.655551851,0.66801038
6.658886295,0.685598123
6.66222074,0.657059594
6.665555185,0.608285107
6.66888963,0.65674101
6.672224075,0.683923763
6.67555852,0.679156797
6.678892964,0.707688803
6.682227409,0.726282941
6.685561854,0.682984167
6.688896299,0.681134743
6.692230744,0.657557636
6.695565188,0.636384382
6.698899633,0.635636908
6.702234078,0.681563256
6.705568523,0.60101625
6.708902968,0.581783317
6.712237412,0.564924794
6.715571857,0.614993466
6.718906302,0.641462518
6.722240747,0.638031074
6.725575192,0.620497496
6.728909637,0.599214424
6.732244081,0.557968987
6.735578526,0.578308206
6.738912971,0.607907816
6.742247416,0.581769111
6.745581861,0.635831526
6.748916305,0.650114952
6.75225075,0.67265861
6.755585195,0.690959451
6.75891964,0.673513367
6.762254085,0.650553963
6.76558853,0.631406717
6.768922974,0.63329886
6.772257419,0.643385541
6.775591864,0.619055916
6.778926309,0.591568917
6.782260754,0.653658819
6.785595198,0.661181647
6.788929643,0.677808419
6.792264088,0.663381875
6.795598533,0.645399226
6.798932978,0.598434131
6.802267422,0.639964932
6.805601867,0.588324224
6.808936312,0.580664029
6.812270757,0.52939157
6.815605202,0.596618178
6.818939647,0.639276463
6.822274091,0.709855504
6.825608536,0.716334437
6.828942981,0.692453771
6.832277426,0.596958431
6.835611871,0.636684824
6.838946315,0.641903657
6.84228076,0.633981852
6.845615205,0.619504985
6.84894965,0.597769334
6.852284095,0.607905385
6.85561854,0.676354971
6.858952984,0.718798334
6.862287429,0.723168314
6.865621874,0.694005179
6.868956319,0.662873361
6.872290764,0.666992968
6.875625208,0.6411444
6.878959653,0.637388378
6.882294098,0.618669471
6.885628543,0.632856123
6.888962988,0.628712713
6.892297432,0.657894625
6.895631877,0.650021135
6.898966322,0.612861303
6.902300767,0.6326417
6.905635212,0.655274791
6.908969657,0.671747563
6.912304101,0.67777012
6.915638546,0.641463078
6.918972991,0.577791655
6.922307436,0.606349674
6.925641881,0.598546073
6.928976325,0.64200464
6.93231077,0.682783123
6.935645215,0.717419898
6.93897966,0.700031314
6.942314105,0.670680519
6.94564855,0.586125622
6.948982994,0.579335942
6.952317439,0.576305394
6.955651884,0.616657799
6.958986329,0.603293381
6.962320774,0.650155278
6.965655218,0.679904913
6.968989663,0.723108279
6.972324108,0.725159815
6.975658553,0.686022762
6.978992998,0.618714305
6.982327442,0.616048993
6.985661887,0.596113807
6.988996332,0.597958489
6.992330777,0.632395184
6.995665222,0.639325157
6.998999667,0.650250709
7.002334111,0.668791094
7.005668556,0.652919772
7.009003001,0.686247358
7.012337446,0.681670935
7.015671891,0.634373764
7.019006335,0.617197864
7.02234078,0.617062938
7.025675225,0.63188348
7.02900967,0.696967916
7.032344115,0.684895131
7.03567856,0.62983399
7.039013004,0.631435489
7.042347449,0.5912703
7.045681894,0.611372176
7.049016339,0.657175272
7.052350784,0.675400821
7.055685228,0.661896849
7.059019673,0.697405639
7.062354118,0.609950734
7.065688563,0.628673831
7.069023008,0.620379478
7.072357452,0.632057848
7.075691897,0.647318349
7.079026342,0.670456036
7.082360787,0.622767499
7.085695232,0.657217377
7.089029677,0.651471028
7.092364121,0.659627572
7.095698566,0.674601359
7.099033011,0.654621241
7.102367456,0.6527679
7.105701901,0.639720784
7.109036345,0.596496784
7.11237079,0.564370302
7.115705235,0.5362939
7.11903968,0.525140346
7.122374125,0.559685502
7.12570857,0.598067847
7.129043014,0.602920967
7.132377459,0.588268208
7.135711904,0.548942132
7.139046349,0.534103086
7.142380794,0.520619334
7.145715238,0.600110171
7.149049683,0.643820887
7.152384128,0.68184114
7.155718573,0.672144601
7.159053018,0.618648188
7.162387462,0.568860655
7.165721907,0.604742297
7.169056352,0.62567438
7.172390797,0.704812547
7.175725242,0.730615876
7.179059687,0.676881921
7.182394131,0.612184676
7.185728576,0.572894804
7.189063021,0.52655007
7.192397466,0.576458294
7.195731911,0.591736219
7.199066355,0.627809944
7.2024008,0.673704606
7.205735245,0.715638507
7.20906969,0.695593347
7.212404135,0.695073261
7.21573858,0.649776838
7.219073024,0.642670363
7.222407469,0.676216788
7.225741914,0.6965531
7.229076359,0.675531656
7.232410804,0.676436773
7.235745248,0.643930272
7.239079693,0.628535355
7.242414138,0.657642884
7.245748583,0.644035859
7.249083028,0.590868558
7.252417472,0.622908665
7.255751917,0.635704782
7.259086362,0.683001001
7.262420807,0.739699349
7.265755252,0.68584429
7.269089697,0.624559274
7.272424141,0.624594729
7.275758586,0.617562446
7.279093031,0.611138491
7.282427476,0.627730133
7.285761921,0.587763721
7.289096365,0.617388923
7.29243081,0.641128818
7.295765255,0.587133726
7.2990997,0.569447878
7.302434145,0.5947102
7.30576859,0.596771315
7.309103034,0.608491
7.312437479,0.599539528
7.315771924,0.596062997
7.319106369,0.62923432
7.322440814,0.688117475
7.325775258,0.680831446
7.329109703,0.606653409
7.332444148,0.589422454
7.335778593,0.572799917
7.339113038,0.617991453
7.342447482,0.68083708
7.345781927,0.642273027
7.349116372,0.630681877
7.352450817,0.653012759
7.355785262,0.589725699
7.359119707,0.628158392
7.362454151,0.653528114
7.365788596,0.641769254
7.369123041,0.649678266
7.372457486,0.655583918
7.375791931,0.630603976
7.379126375,0.645415936
7.38246082,0.638852209
7.385795265,0.677342524
7.38912971,0.628027692
7.392464155,0.581864018
7.3957986,0.558333364
7.399133044,0.553268522
7.402467489,0.565836857
7.405801934,0.614531459
7.409136379,0.62908547
7.412470824,0.602250635
7.415805268,0.605894764
7.419139713,0.615012468
7.422474158,0.626621947
7.425808603,0.649642289
7.429143048,0.632106006
7.432477492,0.621814235
7.435811937,0.646337624
7.439146382,0.638215137
7.442480827,0.621168831
7.445815272,0.624111167
7.449149717,0.608914213
7.452484161,0.613712749
7.455818606,0.657415423
7.459153051,0.697332119
7.462487496,0.699680571
7.465821941,0.685295059
7.469156385,0.697964802
7.47249083,0.631849958
7.475825275,0.612712631
7.47915972,0.62614119
7.482494165,0.591002577
7.48582861,0.58245875
7.489163054,0.681938092
7.492497499,0.703898321
7.495831944,0.730484294
7.499166389,0.751306722
7.502500834,0.723828304
7.505835278,0.680205037
7.509169723,0.708738031
7.512504168,0.690514915
7.515838613,0.644299987
7.519173058,0.650452394
7.522507503,0.629029819
7.525841947,0.578362195
7.529176392,0.58515907
7.532510837,0.618019666
7.535845282,0.589558192
7.539179727,0.614653588
7.542514171,0.616451204
7.545848616,0.615349019
7.549183061,0.67428876
7.552517506,0.675244542
7.555851951,0.649965567
7.559186395,0.603411376
7.56252084,0.620051439
7.565855285,0.646340907
7.56918973,0.72797485
7.572524175,0.723491568
7.57585862,0.699780823
7.579193064,0.611500841
7.582527509,0.603399448
7.585861954,0.592023055
7.589196399,0.603124905
7.592530844,0.583303068
7.595865288,0.594311381
7.599199733,0.598541174
7.602534178,0.649413972
7.605868623,0.66822121
7.609203068,0.643933988
7.612537513,0.612480256
7.615871957,0.647742721
7.619206402,0.636369803
7.622540847,0.617783653
7.625875292,0.610292326
7.629209737,0.537809506
7.632544181,0.575820711
7.635878626,0.652574194
7.639213071,0.67618408
7.642547516,0.674166481
7.645881961,0.763205461
7.649216405,0.702811785
7.65255085,0.682018624
7.655885295,0.605064748
7.65921974,0.559918229
7.662554185,0.545736961
7.66588863,0.63508449
7.669223074,0.682671882
7.672557519,0.650988013
7.675891964,0.623899739
7.679226409,0.626300239
7.682560854,0.602895264
7.685895298,0.605945181
7.689229743,0.623795878
7.692564188,0.60086657
7.695898633,0.667767955
7.699233078,0.702920477
7.702567523,0.655016262
7.705901967,0.64254273
7.709236412,0.608136217
7.712570857,0.610904186
7.715905302,0.66281707
7.719239747,0.666533573
7.722574191,0.667157554
7.725908636,0.714125419
7.729243081,0.731511034
7.732577526,0.759229607
7.735911971,0.737111645
7.739246415,0.678132965
7.74258086,0.635400325
7.745915305,0.633267251
7.74924975,0.672398831
7.752584195,0.743092541
7.75591864,0.769788467
7.759253084,0.745020727
7.762587529,0.666534747
7.765921974,0.658305398
7.769256419,0.67093807
7.772590864,0.712313701
7.775925308,0.731102656
7.779259753,0.708662047
7.782594198,0.68723553
7.785928643,0.714396698
7.789263088,0.721657675
7.792597533,0.718357291
7.795931977,0.718040913
7.799266422,0.70117163
7.802600867,0.654256168
7.805935312,0.626477741
7.809269757,0.627838212
7.812604201,0.601319153
7.815938646,0.636854683
7.819273091,0.627158966
7.822607536,0.606047115
7.825941981,0.616583007
7.829276425,0.661444335
7.83261087,0.668524324
7.835945315,0.676748681
7.83927976,0.649625357
7.842614205,0.672088161
7.84594865,0.690337335
7.849283094,0.664996355
7.852617539,0.640788661
7.855951984,0.596958566
7.859286429,0.59696443
7.862620874,0.646917874
7.865955318,0.665759707
7.869289763,0.679916481
7.872624208,0.67547152
7.875958653,0.657982356
7.879293098,0.67201492
7.882627543,0.66224571
7.885961987,0.630245845
7.889296432,0.653637737
7.892630877,0.664602661
7.895965322,0.621938712
7.899299767,0.630848765
7.902634211,0.612283772
7.905968656,0.5790624
7.909303101,0.613498074
7.912637546,0.671201763
7.915971991,0.679032873
7.919306435,0.702090839
7.92264088,0.729531695
7.925975325,0.678647678
7.92930977,0.658384932
7.932644215,0.634193666
7.93597866,0.623405478
7.939313104,0.597017346
7.942647549,0.598339357
7.945981994,0.563361706
7.949316439,0.559576369
7.952650884,0.58490646
7.955985328,0.636417491
7.959319773,0.684513789
7.962654218,0.690867656
7.965988663,0.684289435
7.969323108,0.621148905
7.972657553,0.603594863
7.975991997,0.574376847
7.979326442,0.577890812
7.982660887,0.571375982
7.985995332,0.592807259
7.989329777,0.615137946
7.992664221,0.650786376
7.995998666,0.674722819
7.999333111,0.68890528
8.002667556,0.698773267
8.006002001,0.710276059
8.009336445,0.684151706
8.01267089,0.612042041
8.016005335,0.598700169
8.01933978,0.598736101
8.022674225,0.624378201
8.02600867,0.665771457
8.029343114,0.605988424
8.032677559,0.568699623
8.036012004,0.587448478
8.039346449,0.570073517
8.042680894,0.599639936
8.046015338,0.617060108
8.049349783,0.624645857
8.052684228,0.650010303
8.056018673,0.713780838
8.059353118,0.722404255
8.062687563,0.674729515
8.066022007,0.605505371
8.069356452,0.584537454
8.072690897,0.593492656
8.076025342,0.645675646
8.079359787,0.693422349
8.082694231,0.672726392
8.086028676,0.690605192
8.089363121,0.676630514
8.092697566,0.706275229
8.096032011,0.707239459
8.099366455,0.712109859
8.1027009,0.708253434
8.106035345,0.697537137
8.10936979,0.712120851
8.112704235,0.696571748
8.11603868,0.697082741
8.119373124,0.704787972
8.122707569,0.687433447
8.126042014,0.64650894
8.129376459,0.664028468
8.132710904,0.631541773
8.136045348,0.629340782
8.139379793,0.660305205
8.142714238,0.67896427
8.146048683,0.669387889
8.149383128,0.697057579
8.152717573,0.736594976
8.156052017,0.745526113
8.159386462,0.758503041
8.162720907,0.712690315
8.166055352,0.644860473
8.169389797,0.661139578
8.172724241,0.664896192
8.176058686,0.70069134
8.179393131,0.686952621
8.182727576,0.669479039
8.186062021,0.634800533
8.189396465,0.652568427
8.19273091,0.634045716
8.196065355,0.681974464
8.1993998,0.714583082
8.202734245,0.729195245
8.20606869,0.705110144
8.209403134,0.65939882
8.212737579,0.634819298
8.216072024,0.656110611
8.219406469,0.702912196
8.222740914,0.699973598
8.226075358,0.665128453
8.229409803,0.652026552
8.232744248,0.618875359
8.236078693,0.634546359
8.239413138,0.654806887
8.242747583,0.67937568
8.246082027,0.726690073
8.249416472,0.734613998
8.252750917,0.713537007
8.256085362,0.703412084
8.259419807,0.685705728
8.262754251,0.675127797
8.266088696,0.687904947
8.269423141,0.6089797
8.272757586,0.585695365
8.276092031,0.605031824
8.279426475,0.657792998
8.28276092,0.741522055
8.286095365,0.793694887
8.28942981,0.746449296
8.292764255,0.66739506
8.2960987,0.606168455
8.299433144,0.552417489
8.302767589,0.585603197
8.306102034,0.619620015
8.309436479,0.619884779
8.312770924,0.628184576
8.316105368,0.619899132
8.319439813,0.605066165
8.322774258,0.626322973
8.326108703,0.622892156
8.329443148,0.64299676
8.332777593,0.628162197
8.336112037,0.642333827
8.339446482,0.638918313
8.342780927,0.660857675
8.346115372,0.676474669
8.349449817,0.747994924
8.352784261,0.728530888
8.356118706,0.696323719
8.359453151,0.657216481
8.362787596,0.604153408
8.366122041,0.616793717
8.369456485,0.649146157
8.37279093,0.637998257
8.376125375,0.636926903
8.37945982,0.678007645
8.382794265,0.7214244
8.38612871,0.776906843
8.389463154,0.736041901
8.392797599,0.696123948
8.396132044,0.652862053
8.399466489,0.654059045
8.402800934,0.648955196
8.406135378,0.649191056
8.409469823,0.642527044
8.412804268,0.673168513
8.416138713,0.625516527
8.419473158,0.629886296
8.422807603,0.544612622
8.426142047,0.556678299
8.429476492,0.577639139
8.432810937,0.599510826
8.436145382,0.608865298
8.439479827,0.623457934
8.442814271,0.626910011
8.446148716,0.685905511
8.449483161,0.698420854
8.452817606,0.694717195
8.456152051,0.688320811
8.459486495,0.65847005
8.46282094,0.650862033
8.466155385,0.655259706
8.46948983,0.654790127
8.472824275,0.66564733
8.47615872,0.684748416
8.479493164,0.6987372
8.482827609,0.702471992
8.486162054,0.703777512
8.489496499,0.718722979
8.492830944,0.748736866
8.496165388,0.731705941
8.499499833,0.681016717
8.502834278,0.650039871
8.506168723,0.604185603
8.509503168,0.620844277
8.512837613,0.614192318
8.516172057,0.629219942
8.519506502,0.671316533
8.522840947,0.736018341
8.526175392,0.736489635
8.529509837,0.75762526
8.532844281,0.67512333
8.536178726,0.630877081
8.539513171,0.604217354
8.542847616,0.629352923
8.546182061,0.682259987
8.549516506,0.797764279
8.55285095,0.807227727
8.556185395,0.765431105
8.55951984,0.702179588
8.562854285,0.717198078
8.56618873,0.693479482
8.569523174,0.708012006
8.572857619,0.66273124
8.576192064,0.637562609
8.579526509,0.64799353
8.582860954,0.678453298
8.586195398,0.605022696
8.589529843,0.565710825
8.592864288,0.548946848
8.596198733,0.575915316
8.599533178,0.611803547
8.602867623,0.622120095
8.606202067,0.586350167
8.609536512,0.607769817
8.612870957,0.653255669
8.616205402,0.66487716
8.619539847,0.701862158
8.622874291,0.675607981
8.626208736,0.616172601
8.629543181,0.61819789
8.632877626,0.598790913
8.636212071,0.591616608
8.639546516,0.624152057
8.64288096,0.658656078
8.646215405,0.683568879
8.64954985,0.691366409
8.652884295,0.680031892
8.65621874,0.676573897
8.659553184,0.677102926
8.662887629,0.67605461
8.666222074,0.682996995
8.669556519,0.668165952
8.672890964,0.654752628
8.676225408,0.641059573
8.679559853,0.623613598
8.682894298,0.592093902
8.686228743,0.648787379
8.689563188,0.668746611
8.692897633,0.651255076
8.696232077,0.633411856
8.699566522,0.631462774
8.702900967,0.663982256
8.706235412,0.688303715
8.709569857,0.676620323
8.712904301,0.644036331
8.716238746,0.625175261
8.719573191,0.638424952
8.722907636,0.680854694
8.726242081,0.708274326
8.729576526,0.737588599
8.73291097,0.756763327
8.736245415,0.745384659
8.73957986,0.707106689
8.742914305,0.704786813
8.74624875,0.718991742
8.749583194,0.689710843
8.752917639,0.656695629
8.756252084,0.673838857
8.759586529,0.653824242
8.762920974,0.658486616
8.766255418,0.660998328
8.769589863,0.671440358
8.772924308,0.638842186
8.776258753,0.677180572
8.779593198,0.702018243
8.782927643,0.728126586
8.786262087,0.719101863
8.789596532,0.729909398
8.792930977,0.70765761
8.796265422,0.677545857
8.799599867,0.666224301
8.802934311,0.687672381
8.806268756,0.680108703
8.809603201,0.706957848
8.812937646,0.699923751
8.816272091,0.666147361
8.819606536,0.663295901
8.82294098,0.666426122
8.826275425,0.715056622
8.82960987,0.740042062
8.832944315,0.695069039
8.83627876,0.694355537
8.839613204,0.704953778
8.842947649,0.662968202
8.846282094,0.64648208
8.849616539,0.592944972
8.852950984,0.585921561
8.856285428,0.633371756
8.859619873,0.642217665
8.862954318,0.641712833
8.866288763,0.652524878
8.869623208,0.654668658
8.872957653,0.695244992
8.876292097,0.705726818
8.879626542,0.678164032
8.882960987,0.607305666
8.886295432,0.624884338
8.889629877,0.62492008
8.892964321,0.612562344
8.896298766,0.633564369
8.899633211,0.645251502
8.902967656,0.628629055
8.906302101,0.668707649
8.909636546,0.707337219
8.91297099,0.695802433
8.916305435,0.742887686
8.91963988,0.782970188
8.922974325,0.779449149
8.92630877,0.777364006
8.929643214,0.721526267
8.932977659,0.611757922
8.936312104,0.571908086
8.939646549,0.587473573
8.942980994,0.592295987
8.946315438,0.707805654
8.949649883,0.733447288
8.952984328,0.772341628
8.956318773,0.794070767
8.959653218,0.800555717
8.962987663,0.760542118
8.966322107,0.727343139
8.969656552,0.656559254
8.972990997,0.665840344
8.976325442,0.689098086
8.979659887,0.722875576
8.982994331,0.73390199
8.986328776,0.676289148
8.989663221,0.623566239
8.992997666,0.613507297
8.996332111,0.663692308
8.999666556,0.645415043
9.003001,0.731971236
9.006335445,0.742613626
9.00966989,0.737082422
9.013004335,0.719150046
9.01633878,0.670956432
9.019673224,0.593051138
9.023007669,0.655277392
9.026342114,0.682171967
9.029676559,0.682175047
9.033011004,0.702683534
9.036345448,0.703634391
9.039679893,0.657681076
9.043014338,0.679690061
9.046348783,0.692285256
9.049683228,0.631019846
9.053017673,0.659504144
9.056352117,0.705206118
9.059686562,0.692982679
9.063021007,0.728226893
9.066355452,0.712304678
9.069689897,0.633210244
9.073024341,0.633537393
9.076358786,0.61082362
9.079693231,0.604512424
9.083027676,0.654985401
9.086362121,0.649992066
9.089696566,0.637463645
9.09303101,0.694637391
9.096365455,0.709999039
9.0996999,0.744610749
9.103034345,0.779468591
9.10636879,0.777492002
9.109703234,0.74986463
9.113037679,0.692251956
9.116372124,0.617952185
9.119706569,0.584012102
9.123041014,0.516982067
9.126375458,0.527343544
9.129709903,0.595940745
9.133044348,0.592655712
9.136378793,0.635672743
9.139713238,0.664039013
9.143047683,0.621540959
9.146382127,0.622779325
9.149716572,0.6526241
9.153051017,0.63061757
9.156385462,0.626975564
9.159719907,0.647116762
9.163054351,0.623171266
9.166388796,0.669236942
9.169723241,0.690361791
9.173057686,0.707427472
9.176392131,0.666699287
9.179726576,0.684686911
9.18306102,0.670211209
9.186395465,0.680039532
9.18972991,0.655274377
9.193064355,0.687458756
9.1963988,0.705168031
9.199733244,0.756041988
9.203067689,0.775076492
9.206402134,0.77056099
9.209736579,0.733069827
9.213071024,0.720599869
9.216405468,0.693570029
9.219739913,0.696293036
9.223074358,0.73555414
9.226408803,0.77476986
9.229743248,0.819213449
9.233077693,0.798264689
9.236412137,0.709481911
9.239746582,0.65146559
9.243081027,0.635238307
9.246415472,0.62311611
9.249749917,0.695717594
9.253084361,0.734060525
9.256418806,0.760168105
9.259753251,0.72951851
9.263087696,0.65455141
9.266422141,0.628846494
9.269756586,0.661511366
9.27309103,0.707560792
9.276425475,0.778377631
9.27975992,0.779882125
9.283094365,0.738302902
9.28642881,0.713002972
9.289763254,0.703228949
9.293097699,0.679531832
9.296432144,0.634530823
9.299766589,0.615694988
9.303101034,0.604727216
9.306435478,0.650632544
9.309769923,0.694503568
9.313104368,0.731171287
9.316438813,0.741254169
9.319773258,0.701995178
9.323107703,0.679893591
9.326442147,0.682333827
9.329776592,0.652482415
9.333111037,0.674407201
9.336445482,0.690672145
9.339779927,0.684483381
9.343114371,0.696207764
9.346448816,0.62753753
9.349783261,0.598403801
9.353117706,0.620736324
9.356452151,0.590678523
9.359786596,0.613703731
9.36312104,0.666722244
9.366455485,0.673910674
9.36978993,0.69111301
9.373124375,0.710337068
9.37645882,0.666390282
9.379793264,0.628923035
9.383127709,0.597289733
9.386462154,0.591673442
9.389796599,0.620243984
9.393131044,0.694079179
9.396465488,0.729094604
9.399799933,0.776490942
9.403134378,0.747576841
9.406468823,0.698073039
9.409803268,0.682232615
9.413137713,0.721721725
9.416472157,0.695408933
9.419806602,0.700007502
9.423141047,0.679475354
9.426475492,0.685944409
9.429809937,0.694708008
9.433144381,0.746003841
9.436478826,0.720299416
9.439813271,0.732192901
9.443147716,0.715070453
9.446482161,0.722282564
9.449816606,0.708374698
9.45315105,0.730303983
9.456485495,0.677103782
9.45981994,0.711124382
9.463154385,0.679168201
9.46648883,0.646119994
9.469823274,0.649424372
9.473157719,0.656574931
9.476492164,0.636628773
9.479826609,0.712510589
9.483161054,0.702660614
9.486495498,0.696522062
9.489829943,0.705819109
9.493164388,0.699826996
9.496498833,0.686102911
9.499833278,0.66225572
9.503167723,0.62327428
9.506502167,0.572305573
9.509836612,0.592169425
9.513171057,0.66434186
9.516505502,0.70617513
9.519839947,0.676523596
9.523174391,0.668486872
9.526508836,0.679130359
9.529843281,0.693159022
9.533177726,0.718752311
9.536512171,0.725488243
9.539846616,0.701921743
9.54318106,0.684538559
9.546515505,0.681754704
9.54984995,0.682216897
9.553184395,0.693749507
9.55651884,0.712868564
9.559853284,0.747069189
9.563187729,0.733180756
9.566522174,0.670316487
9.569856619,0.686236667
9.573191064,0.683891686
9.576525509,0.693537184
9.579859953,0.733577928
9.583194398,0.7168953
9.586528843,0.695163469
9.589863288,0.719432561
9.593197733,0.682077488
9.596532177,0.63360009
9.599866622,0.616597579
9.603201067,0.64396291
9.606535512,0.625966392
9.609869957,0.673362329
9.613204401,0.678057117
9.616538846,0.696554006
9.619873291,0.699271501
9.623207736,0.736081013
9.626542181,0.659515196
9.629876626,0.632034667
9.63321107,0.613127397
9.636545515,0.645628778
9.63987996,0.649431466
9.643214405,0.704311128
9.64654885,0.741680908
9.649883294,0.73241768
9.653217739,0.71856952
9.656552184,0.711944392
9.659886629,0.669441987
9.663221074,0.709873571
9.666555519,0.728763431
9.669889963,0.703503601
9.673224408,0.708585241
9.676558853,0.733325845
9.679893298,0.759662905
9.683227743,0.778541031
9.686562187,0.739588079
9.689896632,0.695925516
9.693231077,0.679517241
9.696565522,0.680524209
9.699899967,0.716134656
9.703234411,0.698984587
9.706568856,0.688773127
9.709903301,0.670499213
9.713237746,0.662849269
9.716572191,0.650682739
9.719906636,0.622987861
9.72324108,0.558933265
9.726575525,0.563935225
9.72990997,0.6004042
9.733244415,0.627699558
9.73657886,0.664971748
9.739913304,0.701870704
9.743247749,0.721691907
9.746582194,0.759958792
9.749916639,0.773597302
9.753251084,0.72332907
9.756585529,0.689935196
9.759919973,0.691523585
9.763254418,0.701487709
9.766588863,0.723243184
9.769923308,0.656133365
9.773257753,0.602290535
9.776592197,0.62328222
9.779926642,0.606618445
9.783261087,0.679314632
9.786595532,0.728220279
9.789929977,0.733298076
9.793264421,0.766293322
9.796598866,0.769885701
9.799933311,0.691186927
9.803267756,0.65576479
9.806602201,0.602747782
9.809936646,0.676302071
9.81327109,0.741535194
9.816605535,0.766562909
9.81993998,0.76456265
9.823274425,0.719413265
9.82660887,0.684243861
9.829943314,0.747206696
9.833277759,0.744351067
9.836612204,0.751225415
9.839946649,0.759890122
9.843281094,0.760982076
9.846615539,0.753127609
9.849949983,0.788276099
9.853284428,0.776364708
9.856618873,0.731305556
9.859953318,0.732004084
9.863287763,0.717517178
9.866622207,0.689987249
9.869956652,0.707337344
9.873291097,0.724197574
9.876625542,0.686331227
9.879959987,0.69001485
9.883294431,0.675343193
9.886628876,0.661033648
9.889963321,0.665330271
9.893297766,0.704444036
9.896632211,0.72582161
9.899966656,0.724007547
9.9033011,0.706875675
9.906635545,0.678036607
9.90996999,0.668005316
9.913304435,0.69161893
9.91663888,0.796195657
9.919973324,0.810062575
9.923307769,0.790215942
9.926642214,0.721244221
9.929976659,0.679437925
9.933311104,0.644343993
9.936645549,0.669349204
9.939979993,0.675325241
9.943314438,0.686498548
9.946648883,0.69284623
9.949983328,0.724552915
9.953317773,0.722036572
9.956652217,0.706807525
9.959986662,0.688368318
9.963321107,0.663772064
9.966655552,0.689020201
9.969989997,0.745689505
9.973324441,0.771060168
9.976658886,0.803446455
9.979993331,0.761546706
9.983327776,0.694490095
9.986662221,0.666880648
9.989996666,0.705361524
9.99333111,0.771451702
9.996665555,0.808666395
10,0.773048743
