2Theta_deg,Pristine_MOF_counts,Intermediate_counts,ZnO_counts,Co3O4/C_counts,S_scheme_Heterostructure_counts
10,496,1036,136,134,249
10.02,513,1069,146,157,232
10.04,578,1088,141,154,283
10.06,706,1122,166,155,227
10.08,795,1181,153,144,215
10.1,952,1128,154,144,291
10.12,1150,1197,125,151,250
10.14,1371,1203,162,164,265
10.16,1709,1233,134,141,298
10.18,2037,1174,129,165,250
10.2,2682,1193,150,143,252
10.22,3035,1210,146,202,245
10.24,3743,1227,149,155,262
10.26,4307,1319,148,141,231
10.28,4950,1279,140,133,236
10.3,5565,1257,125,160,254
10.32,6286,1299,141,159,261
10.34,6606,1266,165,152,320
10.36,6630,1269,145,158,246
10.38,6493,1195,153,129,269
10.4,6170,1314,175,143,266
10.42,5724,1288,142,146,259
10.44,4963,1246,150,142,258
10.46,4231,1242,146,178,262
10.48,3626,1205,146,139,239
10.5,2959,1199,135,157,299
10.52,2547,1222,140,164,281
10.54,1978,1201,142,165,254
10.56,1670,1150,152,175,279
10.58,1331,1149,157,174,289
10.6,1075,1138,158,159,281
10.62,923,1063,120,158,272
10.64,751,1078,147,123,256
10.66,631,1060,144,174,247
10.68,564,997,115,163,238
10.7,491,981,154,156,275
10.72,498,1012,157,156,260
10.74,433,940,129,162,266
10.76,423,913,145,155,285
10.78,385,918,152,142,249
10.8,317,904,153,150,246
10.82,357,863,146,173,273
10.84,319,839,133,152,254
10.86,334,783,139,155,304
10.88,279,847,152,147,266
10.9,315,785,162,132,299
10.92,292,729,143,164,286
10.94,274,739,121,158,274
10.96,281,748,153,172,280
10.98,264,720,131,170,257
11,258,688,148,159,293
11.02,241,672,146,172,316
11.04,275,669,141,185,282
11.06,269,608,132,145,266
11.08,221,551,150,144,252
11.1,215,584,139,132,316
11.12,246,571,146,148,273
11.14,229,555,137,142,288
11.16,222,559,147,151,253
11.18,203,548,146,150,275
11.2,203,531,139,170,282
11.22,194,504,141,169,259
11.24,205,526,150,153,277
11.26,228,515,131,140,261
11.28,202,480,136,167,244
11.3,224,497,143,145,253
11.32,207,494,139,161,258
11.34,202,463,157,161,258
11.36,183,504,148,154,281
11.38,201,438,158,142,271
11.4,184,513,137,165,292
11.42,187,458,124,151,317
11.44,174,436,133,156,299
11.46,188,454,148,165,303
11.48,193,428,156,118,277
11.5,187,444,145,172,286
11.52,197,420,151,177,282
11.54,195,419,144,147,262
11.56,184,434,168,144,287
11.58,202,430,142,134,278
11.6,190,410,137,154,267
11.62,201,404,179,151,259
11.64,193,433,137,163,313
11.66,171,459,129,186,292
11.68,185,441,126,159,295
11.7,194,465,164,126,283
11.72,181,481,136,142,263
11.74,225,454,126,166,310
11.76,190,424,131,156,296
11.78,176,486,178,156,292
11.8,192,468,121,144,264
11.82,184,505,154,155,285
11.84,222,501,153,151,301
11.86,205,461,130,143,294
11.88,206,485,151,141,276
11.9,206,521,105,129,276
11.92,239,524,129,131,283
11.94,246,544,151,126,323
11.96,189,552,127,159,308
11.98,236,585,155,143,281
12,205,567,136,144,237
12.02,216,581,155,154,261
12.04,203,585,156,147,269
12.06,192,617,158,165,288
12.08,262,682,164,153,322
12.1,254,683,142,141,322
12.12,242,651,164,147,323
12.14,264,690,159,159,275
12.16,261,712,149,176,289
12.18,282,724,137,153,283
12.2,323,723,151,151,307
12.22,321,740,136,162,316
12.24,245,783,141,161,324
12.26,347,802,121,138,273
12.28,342,810,150,177,295
12.3,343,826,127,172,293
12.32,375,878,121,155,289
12.34,403,862,138,140,285
12.36,441,966,148,139,335
12.38,499,938,151,164,286
12.4,582,981,153,162,299
12.42,706,1017,152,145,300
12.44,736,1014,148,146,268
12.46,905,996,143,134,307
12.48,1021,1000,127,149,274
12.5,1257,1031,138,104,303
12.52,1485,1097,153,139,305
12.54,1829,1141,141,135,307
12.56,2189,1040,150,173,344
12.58,2689,1017,172,153,328
12.6,3195,1071,136,149,321
12.62,3674,1114,154,146,305
12.64,4143,1080,144,133,321
12.66,4589,1145,113,172,316
12.68,5022,1120,109,156,305
12.7,5148,1122,135,164,307
12.72,5269,1160,135,149,281
12.74,5342,1103,137,138,326
12.76,4831,1074,115,164,276
12.78,4583,1092,114,157,323
12.8,4132,1129,133,113,317
12.82,3596,1031,147,147,293
12.84,3056,1123,110,158,297
12.86,2614,1105,128,171,308
12.88,2098,1100,132,142,305
12.9,1729,1075,128,168,317
12.92,1411,962,153,151,312
12.94,1256,943,134,171,285
12.96,973,1005,132,141,332
12.98,827,965,149,162,333
13,751,1017,137,136,309
13.02,627,943,134,125,312
13.04,501,912,145,156,322
13.06,474,891,120,160,305
13.08,434,942,144,114,321
13.1,426,874,151,148,343
13.12,382,783,151,132,308
13.14,321,850,142,148,291
13.16,313,777,114,137,324
13.18,299,803,143,150,312
13.2,278,748,136,136,315
13.22,248,755,122,139,310
13.24,260,779,139,146,338
13.26,274,774,159,131,335
13.28,248,734,135,149,324
13.3,277,656,143,138,334
13.32,243,649,115,170,378
13.34,262,647,159,143,333
13.36,232,613,146,133,300
13.38,236,562,139,149,339
13.4,209,585,155,146,343
13.42,228,632,157,140,314
13.44,181,548,130,168,340
13.46,198,619,136,164,294
13.48,212,602,118,151,324
13.5,195,585,149,139,305
13.52,190,555,148,149,344
13.54,197,599,139,147,335
13.56,194,546,95,148,325
13.58,190,492,151,161,344
13.6,196,526,133,152,320
13.62,200,494,128,151,378
13.64,203,465,128,150,304
13.66,159,472,130,140,345
13.68,170,479,133,139,319
13.7,179,466,143,183,338
13.72,176,478,126,148,303
13.74,175,479,126,151,350
13.76,158,452,121,145,355
13.78,164,455,142,155,327
13.8,188,471,138,158,303
13.82,185,494,134,161,346
13.84,172,467,148,154,372
13.86,170,470,131,169,336
13.88,157,462,150,157,341
13.9,188,474,115,142,351
13.92,169,518,122,148,336
13.94,175,473,111,156,378
13.96,148,449,160,134,310
13.98,188,470,133,159,317
14,180,468,144,157,354
14.02,172,461,130,156,358
14.04,179,483,131,142,363
14.06,193,499,132,165,317
14.08,194,501,153,158,351
14.1,190,452,151,154,363
14.12,194,472,121,136,332
14.14,217,452,154,141,352
14.16,208,485,134,127,328
14.18,180,508,115,148,323
14.2,201,514,142,127,371
14.22,212,495,149,155,357
14.24,214,555,115,132,358
14.26,211,538,130,146,367
14.28,225,556,133,120,371
14.3,228,499,138,143,342
14.32,286,551,130,138,336
14.34,238,586,156,139,330
14.36,290,527,124,160,394
14.38,307,525,119,121,302
14.4,349,556,117,135,382
14.42,379,564,145,172,375
14.44,424,562,136,122,351
14.46,538,593,120,153,369
14.48,589,596,136,130,371
14.5,698,583,133,131,335
14.52,838,604,135,152,322
14.54,942,585,124,171,380
14.56,1105,588,145,148,336
14.58,1175,625,142,147,403
14.6,1293,602,110,143,361
14.62,1452,580,150,158,372
14.64,1527,590,145,156,358
14.66,1603,603,127,139,336
14.68,1526,611,110,158,368
14.7,1632,637,120,152,348
14.72,1542,620,144,150,389
14.74,1351,585,133,131,367
14.76,1254,628,130,145,397
14.78,1238,598,115,160,381
14.8,1056,594,170,136,333
14.82,907,574,117,155,333
14.84,825,545,115,131,424
14.86,650,585,100,123,369
14.88,600,549,115,156,344
14.9,544,554,121,149,360
14.92,425,573,137,143,381
14.94,366,558,116,131,360
14.96,342,519,124,138,366
14.98,317,533,137,155,389
15,264,557,128,141,367
15.02,270,524,125,133,376
15.04,227,533,111,132,379
15.06,200,519,130,150,370
15.08,227,533,132,128,374
15.1,213,517,158,146,350
15.12,199,487,127,117,375
15.14,206,489,132,135,366
15.16,183,478,146,156,356
15.18,207,484,130,136,398
15.2,185,485,136,117,418
15.22,172,475,138,138,358
15.24,195,499,144,150,369
15.26,170,478,111,134,361
15.28,186,507,123,144,396
15.3,217,465,141,142,383
15.32,181,501,120,161,407
15.34,185,407,130,158,401
15.36,192,433,121,149,396
15.38,164,447,119,124,367
15.4,148,451,121,161,393
15.42,179,455,115,147,425
15.44,168,428,146,133,386
15.46,160,427,117,148,397
15.48,175,464,126,156,415
15.5,197,442,136,139,376
15.52,180,411,138,156,350
15.54,181,419,134,149,344
15.56,192,435,130,134,368
15.58,173,421,136,143,429
15.6,186,425,140,156,370
15.62,176,475,136,133,388
15.64,198,422,123,146,424
15.66,194,381,120,153,406
15.68,187,399,152,134,403
15.7,186,388,127,164,395
15.72,214,434,113,144,415
15.74,177,400,144,124,392
15.76,183,414,139,139,407
15.78,191,439,131,118,397
15.8,216,416,139,153,437
15.82,221,411,126,159,427
15.84,203,427,116,143,369
15.86,221,399,148,152,412
15.88,215,437,109,152,407
15.9,251,401,137,139,389
15.92,230,426,125,141,433
15.94,258,376,123,149,405
15.96,283,421,107,127,415
15.98,286,420,107,167,442
16,259,416,126,141,399
16.02,308,454,103,150,441
16.04,337,383,117,139,420
16.06,352,382,152,128,406
16.08,390,371,126,143,416
16.1,416,433,123,133,401
16.12,488,408,138,129,413
16.14,574,405,120,178,420
16.16,608,381,121,140,425
16.18,726,424,143,157,409
16.2,895,415,116,160,449
16.22,1091,433,123,152,439
16.24,1331,343,129,140,459
16.26,1522,375,153,134,415
16.28,1807,409,130,158,408
16.3,2099,442,114,121,422
16.32,2488,416,136,135,443
16.34,2833,403,124,151,449
16.36,3288,399,131,135,407
16.38,3569,432,114,148,428
16.4,3685,411,137,149,448
16.42,3980,437,136,157,440
16.44,3889,409,114,138,419
16.46,3737,385,121,136,499
16.48,3546,408,125,136,449
16.5,3146,411,143,142,462
16.52,2863,415,156,182,477
16.54,2545,396,119,106,447
16.56,2084,366,120,116,426
16.58,1802,431,127,158,479
16.6,1449,402,126,163,465
16.62,1280,401,120,150,455
16.64,1069,377,130,182,413
16.66,891,422,109,170,417
16.68,697,379,102,157,443
16.7,655,424,125,175,455
16.72,503,404,135,159,485
16.74,443,425,146,150,505
16.76,409,409,135,158,493
16.78,366,400,129,150,518
16.8,345,410,147,141,453
16.82,306,429,128,166,509
16.84,315,431,145,161,487
16.86,285,416,125,169,526
16.88,262,414,141,170,461
16.9,278,422,127,144,545
16.92,295,420,124,161,510
16.94,239,451,130,164,550
16.96,243,461,127,165,476
16.98,222,424,124,172,494
17,245,425,122,173,513
17.02,235,409,142,160,512
17.04,233,426,132,173,508
17.06,212,432,132,168,571
17.08,203,453,150,185,502
17.1,204,453,127,167,551
17.12,220,442,151,170,533
17.14,252,433,123,178,530
17.16,195,475,137,186,562
17.18,223,434,141,187,557
17.2,242,431,134,189,569
17.22,209,412,122,185,611
17.24,194,359,119,185,636
17.26,211,394,114,212,565
17.28,183,413,127,205,611
17.3,217,428,124,194,562
17.32,231,409,141,165,592
17.34,238,412,126,214,665
17.36,234,435,130,183,607
17.38,212,421,120,196,623
17.4,232,395,126,189,668
17.42,267,440,114,197,661
17.44,238,390,113,208,656
17.46,266,431,134,231,655
17.48,233,421,114,240,651
17.5,251,433,120,251,664
17.52,256,431,110,255,749
17.54,279,431,118,254,676
17.56,285,412,115,248,652
17.58,301,401,116,265,734
17.6,324,466,111,251,736
17.62,325,422,137,258,762
17.64,395,477,136,316,745
17.66,379,421,151,284,747
17.68,415,431,122,323,751
17.7,478,432,125,347,786
17.72,556,407,122,352,795
17.74,570,441,117,408,780
17.76,743,454,132,417,799
17.78,827,441,126,487,790
17.8,989,405,112,457,832
17.82,1238,428,141,475,760
17.84,1425,374,119,528,804
17.86,1674,404,125,572,843
17.88,2085,429,131,588,851
17.9,2384,414,142,603,911
17.92,3079,406,99,673,897
17.94,3430,431,129,669,809
17.96,3842,415,130,703,874
17.98,4221,450,123,778,919
18,4598,442,131,842,981
18.02,4808,439,115,838,953
18.04,4942,453,130,865,981
18.06,4916,452,127,964,952
18.08,4515,428,120,925,918
18.1,4226,432,131,974,911
18.12,3795,449,131,954,918
18.14,3421,415,115,1044,966
18.16,2970,420,152,1074,901
18.18,2421,468,126,1119,977
18.2,2107,442,111,1065,950
18.22,1566,461,108,1056,986
18.24,1310,446,126,1099,1032
18.26,1092,451,129,1128,1003
18.28,920,416,124,1098,928
18.3,844,447,107,1121,904
18.32,665,442,133,1068,963
18.34,605,419,133,1121,936
18.36,505,412,115,1120,945
18.38,457,421,134,1061,959
18.4,404,462,141,1056,949
18.42,413,473,118,1022,911
18.44,353,430,139,1038,971
18.46,330,392,127,963,953
18.48,325,509,163,1011,969
18.5,261,509,129,885,941
18.52,273,446,133,848,958
18.54,233,444,103,817,955
18.56,267,477,126,792,956
18.58,238,495,136,750,900
18.6,220,432,144,748,922
18.62,204,446,116,720,911
18.64,218,451,125,695,900
18.66,220,450,119,628,922
18.68,210,429,127,620,872
18.7,182,461,150,593,882
18.72,182,502,121,570,888
18.74,206,431,120,508,873
18.76,190,432,119,505,882
18.78,202,473,129,450,834
18.8,176,506,108,462,847
18.82,149,450,120,406,819
18.84,191,457,120,380,819
18.86,169,437,121,384,813
18.88,168,502,130,322,780
18.9,164,478,110,324,747
18.92,157,459,137,308,834
18.94,163,458,112,325,815
18.96,162,453,119,286,779
18.98,144,470,126,259,768
19,126,442,119,237,769
19.02,178,451,122,243,762
19.04,146,462,131,254,751
19.06,161,468,108,232,729
19.08,146,511,96,252,733
19.1,172,473,149,198,711
19.12,135,495,125,224,724
19.14,132,461,118,201,697
19.16,140,501,110,227,691
19.18,147,461,110,191,664
19.2,142,465,111,194,688
19.22,135,502,123,201,614
19.24,134,486,130,191,675
19.26,132,464,120,182,650
19.28,138,460,134,208,651
19.3,141,466,104,224,645
19.32,115,520,127,203,653
19.34,153,514,138,168,667
19.36,103,460,123,178,594
19.38,152,470,138,174,682
19.4,129,479,145,179,613
19.42,137,499,148,160,684
19.44,114,484,128,165,586
19.46,131,449,131,186,609
19.48,125,463,140,160,650
19.5,124,515,157,178,627
19.52,119,497,106,170,617
19.54,115,480,128,153,629
19.56,125,467,136,171,584
19.58,122,447,104,159,636
19.6,112,478,138,168,577
19.62,129,508,117,151,604
19.64,129,490,151,164,631
19.66,126,482,114,167,568
19.68,112,511,127,176,575
19.7,112,490,132,160,628
19.72,136,448,124,163,641
19.74,137,489,114,159,596
19.76,126,471,104,128,568
19.78,134,483,128,181,547
19.8,140,492,126,152,576
19.82,141,458,128,165,548
19.84,146,532,105,155,568
19.86,132,507,115,160,552
19.88,126,525,127,156,560
19.9,108,525,114,146,541
19.92,123,444,125,134,602
19.94,121,501,123,178,584
19.96,123,519,145,145,591
19.98,105,517,117,161,571
20,122,500,128,160,584
20.02,103,504,125,134,558
20.04,113,454,143,149,528
20.06,125,478,110,147,570
20.08,140,517,124,127,584
20.1,119,460,132,165,516
20.12,122,445,143,148,574
20.14,100,482,116,136,580
20.16,111,538,111,148,607
20.18,125,485,121,146,553
20.2,126,503,114,158,584
20.22,130,462,102,155,562
20.24,120,471,103,136,573
20.26,158,534,112,156,582
20.28,138,480,116,140,521
20.3,118,523,113,114,542
20.32,119,532,129,164,597
20.34,112,503,138,135,561
20.36,131,519,120,140,586
20.38,114,511,128,129,592
20.4,97,454,103,114,561
20.42,116,503,124,147,551
20.44,102,503,133,157,551
20.46,112,509,128,121,601
20.48,125,485,133,160,578
20.5,124,513,139,155,574
20.52,124,494,126,143,608
20.54,118,511,102,147,533
20.56,130,508,104,144,551
20.58,111,515,136,122,601
20.6,125,501,123,148,563
20.62,118,486,127,123,601
20.64,116,469,123,132,620
20.66,127,559,125,130,648
20.68,127,508,127,131,582
20.7,103,515,127,164,557
20.72,117,502,106,133,532
20.74,115,507,120,156,543
20.76,123,518,126,155,569
20.78,106,496,121,151,595
20.8,108,504,146,139,602
20.82,121,486,123,128,606
20.84,107,499,133,142,631
20.86,118,538,122,109,579
20.88,126,464,135,152,539
20.9,113,529,125,118,572
20.92,150,522,124,148,609
20.94,125,501,131,128,579
20.96,107,533,123,134,623
20.98,150,536,128,161,572
21,131,479,124,139,593
21.02,129,476,114,131,571
21.04,113,475,118,145,569
21.06,109,524,127,139,556
21.08,136,499,126,119,590
21.1,143,518,133,132,632
21.12,121,550,118,128,576
21.14,121,537,130,123,588
21.16,113,532,123,142,593
21.18,118,512,113,129,631
21.2,139,527,123,128,617
21.22,142,551,121,163,596
21.24,111,512,133,136,583
21.26,119,487,129,160,585
21.28,119,504,139,159,573
21.3,129,478,122,126,598
21.32,133,520,114,131,612
21.34,132,498,106,126,588
21.36,123,496,108,135,617
21.38,140,519,134,125,580
21.4,130,563,113,127,574
21.42,149,503,118,126,603
21.44,161,527,163,137,597
21.46,137,525,130,147,641
21.48,167,507,143,134,640
21.5,156,520,128,135,624
21.52,134,528,137,148,564
21.54,164,515,131,124,625
21.56,153,501,124,153,611
21.58,151,511,112,125,615
21.6,155,519,126,130,593
21.62,167,490,121,139,620
21.64,173,546,123,126,649
21.66,186,531,126,166,618
21.68,212,504,140,142,649
21.7,253,519,130,138,647
21.72,246,595,120,134,647
21.74,250,517,157,137,577
21.76,333,547,145,132,631
21.78,311,548,133,130,603
21.8,358,543,139,129,650
21.82,356,512,121,141,563
21.84,510,540,159,111,669
21.86,530,514,134,106,681
21.88,629,600,158,139,612
21.9,709,553,145,138,639
21.92,830,543,129,128,652
21.94,959,537,155,141,658
21.96,1169,534,148,154,683
21.98,1216,540,146,132,660
22,1365,522,154,156,652
22.02,1669,531,116,135,683
22.04,1638,512,122,130,641
22.06,1790,553,144,127,631
22.08,1818,547,128,110,716
22.1,1831,586,141,128,670
22.12,1843,527,123,123,660
22.14,1786,527,148,115,618
22.16,1711,555,151,118,628
22.18,1504,560,149,143,674
22.2,1364,545,142,128,703
22.22,1235,523,134,141,715
22.24,1117,553,149,123,695
22.26,918,530,157,132,722
22.28,835,573,141,142,622
22.3,714,586,138,118,730
22.32,533,581,161,130,706
22.34,538,578,163,130,730
22.36,456,497,175,128,663
22.38,382,562,123,139,726
22.4,330,573,138,136,732
22.42,331,555,163,144,738
22.44,310,598,164,145,744
22.46,240,550,139,129,681
22.48,259,598,162,149,767
22.5,202,560,154,130,732
22.52,179,567,158,116,763
22.54,196,590,140,149,738
22.56,196,570,149,119,796
22.58,180,541,169,128,725
22.6,189,559,197,150,846
22.62,170,623,139,133,795
22.64,196,592,169,126,789
22.66,157,581,149,126,768
22.68,154,610,172,131,836
22.7,164,602,139,134,849
22.72,144,597,159,130,781
22.74,141,610,146,116,870
22.76,127,557,160,115,889
22.78,135,582,163,141,814
22.8,140,612,188,123,882
22.82,133,569,152,115,912
22.84,139,581,182,119,862
22.86,128,563,167,127,886
22.88,163,609,162,125,916
22.9,152,632,150,144,954
22.92,119,572,151,156,971
22.94,118,589,192,145,997
22.96,129,619,158,133,993
22.98,137,632,187,124,1045
23,128,613,210,150,1008
23.02,132,669,163,146,1044
23.04,133,593,190,132,1024
23.06,116,655,197,139,1088
23.08,128,636,208,134,1076
23.1,139,667,198,110,1095
23.12,137,714,197,129,1092
23.14,130,690,199,155,1131
23.16,125,686,224,141,1225
23.18,143,671,214,122,1220
23.2,122,715,220,132,1244
23.22,118,760,227,141,1245
23.24,130,762,222,120,1264
23.26,124,827,219,112,1307
23.28,144,776,216,128,1255
23.3,128,777,243,147,1357
23.32,124,786,260,137,1486
23.34,98,751,220,104,1418
23.36,105,824,251,114,1389
23.38,114,882,242,129,1504
23.4,134,794,303,120,1434
23.42,130,827,273,131,1522
23.44,106,855,326,119,1587
23.46,139,845,311,118,1578
23.48,114,890,331,142,1568
23.5,126,931,337,121,1525
23.52,124,945,347,127,1671
23.54,117,948,352,134,1669
23.56,132,965,404,117,1791
23.58,88,1021,463,131,1792
23.6,130,955,459,137,1857
23.62,128,1033,464,122,1803
23.64,107,1140,507,131,1859
23.66,145,1069,600,138,1886
23.68,99,1115,717,127,1920
23.7,118,1198,694,136,1910
23.72,133,1204,813,106,2057
23.74,113,1185,849,131,2063
23.76,126,1257,1006,134,2153
23.78,114,1343,1035,131,2200
23.8,119,1402,1199,127,2265
23.82,131,1373,1413,127,2219
23.84,108,1363,1524,121,2283
23.86,152,1317,1596,128,2319
23.88,126,1370,1709,131,2298
23.9,142,1461,2009,120,2259
23.92,134,1394,2067,130,2259
23.94,117,1493,2326,126,2355
23.96,151,1385,2337,144,2404
23.98,132,1429,2430,117,2417
24,172,1476,2671,128,2444
24.02,168,1428,2786,129,2296
24.04,138,1490,3117,133,2262
24.06,152,1545,3167,129,2289
24.08,152,1506,3255,133,2398
24.1,170,1504,3298,125,2340
24.12,207,1512,3390,141,2351
24.14,214,1435,3302,127,2366
24.16,213,1554,3463,128,2456
24.18,228,1508,3311,143,2350
24.2,269,1478,3019,112,2352
24.22,264,1441,3062,133,2323
24.24,311,1425,2921,117,2291
24.26,345,1475,2693,141,2323
24.28,391,1470,2606,136,2272
24.3,457,1425,2402,113,2185
24.32,529,1434,2282,136,2271
24.34,537,1454,2118,118,2269
24.36,683,1388,2005,115,2228
24.38,752,1345,1853,132,2237
24.4,830,1348,1715,109,2199
24.42,893,1308,1557,122,2170
24.44,1027,1257,1430,140,2182
24.46,1027,1236,1281,136,1998
24.48,1086,1212,1125,114,2117
24.5,1157,1239,978,133,2027
24.52,1106,1215,904,133,2079
24.54,1065,1095,871,156,2105
24.56,1068,1144,763,119,1944
24.58,1020,1165,712,127,1891
24.6,887,1134,671,134,1828
24.62,818,1101,601,141,1832
24.64,737,1018,534,144,1926
24.66,601,1113,506,151,1816
24.68,576,982,521,151,1900
24.7,506,920,362,123,1770
24.72,409,964,371,142,1749
24.74,362,940,374,124,1760
24.76,340,925,328,150,1684
24.78,295,887,331,149,1706
24.8,276,876,340,133,1634
24.82,263,848,315,140,1658
24.84,204,841,276,132,1546
24.86,191,811,327,128,1505
24.88,204,784,261,115,1513
24.9,183,850,281,137,1435
24.92,168,834,271,130,1432
24.94,151,740,227,120,1469
24.96,150,768,260,128,1502
24.98,144,769,222,128,1391
25,144,795,270,138,1363
25.02,139,753,228,119,1334
25.04,135,732,236,138,1282
25.06,143,725,218,138,1283
25.08,172,706,234,140,1247
25.1,146,685,194,145,1247
25.12,124,674,231,124,1214
25.14,133,689,196,138,1217
25.16,131,649,198,133,1189
25.18,106,690,220,142,1241
25.2,121,676,174,128,1088
25.22,151,661,212,145,1111
25.24,129,652,188,129,1053
25.26,142,672,179,117,1011
25.28,131,664,184,115,1052
25.3,104,617,192,128,1062
25.32,127,639,196,139,1091
25.34,114,624,188,134,1028
25.36,133,606,171,122,1042
25.38,112,680,193,128,992
25.4,126,601,176,110,921
25.42,129,634,147,110,940
25.44,115,584,156,130,965
25.46,130,581,174,139,950
25.48,129,578,153,126,1028
25.5,101,603,154,126,917
25.52,112,548,153,144,921
25.54,114,570,159,151,869
25.56,123,601,132,133,961
25.58,111,553,128,134,937
25.6,117,581,153,120,809
25.62,116,599,156,151,867
25.64,130,559,164,144,857
25.66,128,589,145,136,814
25.68,111,554,156,167,855
25.7,121,558,138,148,824
25.72,147,610,139,162,847
25.74,139,588,134,149,845
25.76,115,628,147,138,841
25.78,121,541,176,135,788
25.8,118,613,152,109,826
25.82,137,621,137,126,796
25.84,153,552,129,129,765
25.86,152,608,141,144,772
25.88,126,543,159,149,770
25.9,121,569,123,140,861
25.92,152,572,151,129,784
25.94,131,599,175,135,815
25.96,136,563,133,155,777
25.98,136,539,139,152,803
26,142,603,139,147,764
26.02,167,587,117,133,785
26.04,156,572,122,127,783
26.06,158,585,149,153,706
26.08,164,605,133,129,736
26.1,137,580,163,128,784
26.12,150,544,150,149,748
26.14,163,621,135,135,748
26.16,165,578,130,127,685
26.18,163,522,140,134,791
26.2,151,530,150,138,757
26.22,201,561,137,126,776
26.24,213,596,130,141,777
26.26,198,534,119,131,736
26.28,242,583,138,151,713
26.3,282,607,116,123,731
26.32,256,627,150,139,727
26.34,286,561,146,144,702
26.36,323,579,127,142,739
26.38,367,539,150,127,724
26.4,417,569,113,146,679
26.42,482,581,114,143,742
26.44,582,576,146,127,709
26.46,671,539,115,155,706
26.48,755,545,128,161,760
26.5,864,586,120,131,766
26.52,1033,562,119,152,775
26.54,1157,534,124,152,729
26.56,1449,546,121,155,816
26.58,1585,579,132,166,746
26.6,1792,566,140,148,735
26.62,1977,595,151,174,742
26.64,2097,545,127,130,710
26.66,2314,520,118,138,754
26.68,2268,575,123,147,689
26.7,2369,483,132,145,782
26.72,2090,595,118,140,764
26.74,2066,579,113,144,767
26.76,1835,530,132,154,687
26.78,1668,614,138,144,732
26.8,1410,549,129,184,757
26.82,1211,568,132,118,760
26.84,1050,581,111,168,746
26.86,945,524,134,177,731
26.88,726,574,153,177,745
26.9,639,577,121,128,717
26.92,511,524,124,154,709
26.94,455,583,135,177,724
26.96,386,546,115,144,736
26.98,323,522,117,161,759
27,324,552,164,149,713
27.02,263,567,114,144,698
27.04,253,571,144,150,708
27.06,235,566,120,160,784
27.08,198,569,123,152,777
27.1,218,476,129,164,730
27.12,200,544,122,144,737
27.14,216,542,122,169,674
27.16,181,528,143,162,728
27.18,169,558,139,159,748
27.2,181,522,126,158,736
27.22,163,571,131,165,752
27.24,145,531,128,179,791
27.26,149,528,126,163,730
27.28,163,581,114,186,739
27.3,129,550,128,178,771
27.32,139,583,110,171,746
27.34,128,562,148,185,764
27.36,149,498,140,180,752
27.38,128,549,147,178,784
27.4,137,462,133,171,785
27.42,145,553,116,181,758
27.44,147,537,109,167,751
27.46,146,562,138,165,782
27.48,121,534,140,183,732
27.5,143,544,118,172,746
27.52,124,547,120,191,735
27.54,120,528,130,176,777
27.56,128,540,128,200,731
27.58,111,534,122,186,716
27.6,116,561,122,192,742
27.62,117,549,124,170,759
27.64,120,515,112,210,773
27.66,100,538,116,170,784
27.68,110,508,117,197,802
27.7,102,563,134,189,722
27.72,105,489,108,193,695
27.74,91,559,144,178,741
27.76,91,578,115,166,755
27.78,103,524,149,187,807
27.8,108,480,117,165,766
27.82,116,521,131,188,827
27.84,95,551,108,189,738
27.86,107,583,149,197,767
27.88,89,544,124,202,754
27.9,105,572,121,202,799
27.92,120,538,121,177,814
27.94,119,600,122,197,801
27.96,118,521,135,223,772
27.98,116,552,119,207,782
28,89,520,106,194,843
28.02,105,546,123,208,840
28.04,103,519,143,218,794
28.06,115,534,122,211,806
28.08,90,539,107,225,789
28.1,119,516,128,218,922
28.12,115,479,130,185,833
28.14,111,503,118,194,876
28.16,104,550,139,209,839
28.18,114,490,113,205,861
28.2,98,463,121,234,873
28.22,75,552,123,241,848
28.24,103,489,112,230,864
28.26,89,540,115,256,878
28.28,108,517,113,240,916
28.3,106,511,145,252,860
28.32,110,535,113,241,887
28.34,102,530,119,238,945
28.36,110,516,105,215,889
28.38,110,527,123,263,893
28.4,117,544,110,262,923
28.42,108,532,110,232,898
28.44,118,461,119,259,939
28.46,102,524,96,283,938
28.48,111,520,100,244,944
28.5,102,501,137,229,975
28.52,101,535,132,272,1028
28.54,106,506,130,251,907
28.56,121,516,143,259,995
28.58,109,571,138,249,958
28.6,104,517,131,282,1070
28.62,137,551,118,289,1053
28.64,116,525,117,252,1043
28.66,115,511,129,279,1054
28.68,116,477,141,275,1088
28.7,106,545,129,291,1124
28.72,118,497,121,285,1044
28.74,114,520,102,293,1181
28.76,115,511,113,356,1199
28.78,101,497,139,339,1115
28.8,117,509,121,329,1208
28.82,115,531,127,333,1157
28.84,91,568,130,355,1251
28.86,123,528,119,318,1233
28.88,119,517,119,377,1291
28.9,118,483,133,343,1307
28.92,105,515,150,347,1368
28.94,129,533,133,368,1426
28.96,122,531,116,404,1358
28.98,133,493,145,424,1438
29,139,528,113,442,1422
29.02,147,535,143,437,1536
29.04,136,486,125,441,1497
29.06,128,510,128,460,1588
29.08,131,500,126,401,1497
29.1,132,524,131,444,1643
29.12,168,535,135,454,1604
29.14,142,566,146,477,1712
29.16,154,492,130,487,1643
29.18,122,589,133,532,1754
29.2,160,508,117,538,1736
29.22,181,526,143,594,1817
29.24,182,542,136,614,1912
29.26,197,479,108,614,1843
29.28,191,529,132,647,1890
29.3,224,484,119,679,2029
29.32,262,561,122,734,2131
29.34,270,542,128,757,2116
29.36,294,577,127,883,2063
29.38,303,555,132,903,2105
29.4,358,509,149,940,2243
29.42,402,457,140,959,2206
29.44,427,488,140,1110,2326
29.46,560,498,141,1221,2439
29.48,560,496,136,1223,2473
29.5,615,517,130,1355,2476
29.52,697,504,138,1477,2480
29.54,784,487,133,1539,2518
29.56,802,500,143,1670,2688
29.58,833,528,135,1865,2730
29.6,867,521,126,1892,2751
29.62,826,479,143,2019,2839
29.64,938,488,172,2244,2886
29.66,846,519,129,2428,3028
29.68,823,473,141,2596,2947
29.7,761,503,129,2835,3056
29.72,735,508,160,3036,3100
29.74,691,539,126,3282,3221
29.76,617,509,149,3501,3266
29.78,534,495,143,3721,3191
29.8,531,531,136,3906,3262
29.82,409,504,129,4065,3342
29.84,431,514,167,4256,3214
29.86,372,498,149,4341,3379
29.88,322,497,168,4541,3470
29.9,273,527,120,4709,3443
29.92,249,500,148,5102,3402
29.94,223,509,149,5014,3370
29.96,213,536,136,5253,3480
29.98,191,507,155,5228,3375
30,194,488,148,5492,3530
30.02,191,542,144,5474,3498
30.04,191,501,137,5515,3429
30.06,147,522,159,5580,3395
30.08,173,508,133,5636,3403
30.1,146,553,150,5632,3354
30.12,167,518,132,5649,3475
30.14,186,506,173,5499,3396
30.16,155,498,145,5474,3433
30.18,195,461,159,5341,3364
30.2,174,518,129,5252,3469
30.22,185,469,144,5039,3418
30.24,167,486,172,4777,3376
30.26,166,528,154,4766,3433
30.28,188,482,145,4479,3471
30.3,190,504,174,4291,3354
30.32,196,445,138,4138,3345
30.34,248,505,152,3993,3295
30.36,261,530,155,3729,3206
30.38,313,490,122,3448,3156
30.4,335,502,144,3337,3112
30.42,353,524,136,3256,3136
30.44,387,521,152,3010,3078
30.46,421,500,152,2908,3039
30.48,507,509,152,2699,3067
30.5,527,519,173,2562,2902
30.52,579,558,141,2323,2840
30.54,613,523,129,2191,2792
30.56,650,518,171,1997,2840
30.58,685,533,147,1899,2754
30.6,622,538,155,1834,2724
30.62,729,544,167,1570,2717
30.64,663,530,162,1545,2667
30.66,656,534,159,1443,2720
30.68,670,529,153,1351,2554
30.7,601,493,172,1262,2528
30.72,567,502,164,1147,2572
30.74,461,480,163,1101,2406
30.76,460,519,135,1086,2421
30.78,400,531,139,915,2400
30.8,395,521,181,908,2291
30.82,329,533,165,889,2251
30.84,316,505,171,801,2208
30.86,281,537,159,751,2217
30.88,255,529,155,734,2269
30.9,208,498,173,652,2082
30.92,198,565,171,618,2049
30.94,176,573,203,651,2044
30.96,145,533,176,616,2033
30.98,157,494,192,559,1999
31,168,507,196,533,1926
31.02,134,549,198,533,1965
31.04,135,564,181,489,1924
31.06,129,516,176,537,1894
31.08,122,562,168,477,1875
31.1,121,573,195,436,1850
31.12,153,530,176,447,1768
31.14,123,558,178,441,1816
31.16,123,506,161,446,1813
31.18,121,534,186,425,1777
31.2,147,553,208,425,1674
31.22,154,558,184,411,1662
31.24,134,545,184,372,1690
31.26,139,543,220,384,1756
31.28,121,588,200,320,1604
31.3,93,602,215,349,1687
31.32,99,583,215,422,1584
31.34,132,571,182,363,1702
31.36,102,574,197,314,1664
31.38,115,564,222,397,1599
31.4,118,567,215,371,1604
31.42,107,606,205,336,1634
31.44,117,609,257,358,1686
31.46,134,577,217,334,1532
31.48,104,587,204,339,1663
31.5,113,559,231,318,1676
31.52,104,603,244,315,1577
31.54,101,579,238,309,1601
31.56,98,566,248,317,1594
31.58,97,571,223,277,1628
31.6,116,581,260,288,1707
31.62,101,631,286,283,1646
31.64,111,623,264,279,1715
31.66,109,633,276,259,1700
31.68,125,597,246,293,1688
31.7,140,582,260,287,1717
31.72,124,609,255,301,1756
31.74,87,633,286,300,1768
31.76,109,596,290,292,1775
31.78,111,611,266,301,1776
31.8,137,627,276,257,1944
31.82,110,628,268,234,1889
31.84,119,662,273,244,1907
31.86,126,694,271,286,2025
31.88,116,738,303,275,2002
31.9,114,689,282,281,2000
31.92,119,701,325,266,2170
31.94,134,690,335,242,2098
31.96,104,687,284,250,2058
31.98,140,716,326,276,2083
32,141,802,310,226,2262
32.02,144,752,381,235,2250
32.04,150,752,349,264,2323
32.06,150,814,361,277,2354
32.08,153,819,379,239,2388
32.1,191,847,423,256,2542
32.12,217,835,370,238,2545
32.14,224,930,386,263,2602
32.16,276,878,386,277,2673
32.18,282,962,428,217,2673
32.2,289,990,417,251,2833
32.22,419,945,432,260,2861
32.24,443,1065,472,257,2975
32.26,446,1070,494,245,3086
32.28,533,1082,508,242,3106
32.3,580,1038,507,250,3133
32.32,638,1210,567,214,3264
32.34,625,1148,608,264,3413
32.36,742,1207,602,240,3481
32.38,781,1244,607,286,3404
32.4,811,1408,646,213,3773
32.42,763,1379,683,222,3778
32.44,762,1405,731,250,3837
32.46,739,1531,699,227,3821
32.48,684,1551,773,254,3992
32.5,592,1548,735,237,4116
32.52,630,1606,909,219,4006
32.54,551,1645,905,232,4400
32.56,470,1752,1014,220,4385
32.58,420,1836,1079,228,4400
32.6,356,1858,1279,221,4623
32.62,301,1967,1261,206,4569
32.64,273,2052,1437,223,4810
32.66,273,2168,1540,232,4864
32.68,239,2188,1789,249,4977
32.7,223,2261,1878,241,5138
32.72,178,2330,2238,234,5126
32.74,161,2446,2497,243,5350
32.76,156,2491,2876,231,5424
32.78,156,2689,3024,230,5615
32.8,162,2731,3359,243,5651
32.82,144,2913,3616,243,5865
32.84,111,2835,4200,252,6185
32.86,151,2964,4455,255,6089
32.88,113,3185,4935,225,6087
32.9,129,3141,5371,272,6385
32.92,115,3123,5895,230,6350
32.94,124,3110,6540,222,6365
32.96,122,3234,7010,224,6176
32.98,116,3155,7534,264,6321
33,111,3289,7908,263,6303
33.02,119,3389,8300,255,6297
33.04,117,3403,8877,244,6271
33.06,102,3507,9180,261,6249
33.08,110,3435,9516,245,6189
33.1,105,3379,9891,255,6300
33.12,113,3419,10028,249,6470
33.14,101,3451,10248,268,6298
33.16,87,3377,9940,245,6445
33.18,104,3257,9985,252,6307
33.2,105,3428,9895,264,6439
33.22,91,3317,9477,280,6290
33.24,99,3305,9019,271,6269
33.26,94,3264,8708,247,6406
33.28,102,3250,8219,254,6356
33.3,96,3263,7801,241,6235
33.32,96,3127,7281,267,6283
33.34,92,3025,6755,312,6200
33.36,101,2987,6182,298,5958
33.38,94,2953,5725,226,6164
33.4,73,2959,5232,254,6036
33.42,97,2766,4690,273,5815
33.44,83,2816,4281,292,5930
33.46,101,2688,3924,296,5795
33.48,77,2736,3513,298,5701
33.5,91,2584,3177,307,5561
33.52,86,2450,2852,284,5532
33.54,62,2496,2630,273,5399
33.56,78,2429,2363,290,5467
33.58,108,2247,2124,296,5222
33.6,88,2251,1997,305,5321
33.62,103,2219,1769,319,5255
33.64,80,2101,1640,299,5050
33.66,89,1937,1431,293,4938
33.68,96,1943,1268,324,5161
33.7,90,1820,1346,316,4924
33.72,80,1728,1207,333,4942
33.74,100,1802,1026,317,4673
33.76,87,1770,1025,334,4614
33.78,92,1685,959,320,4606
33.8,91,1574,913,334,4499
33.82,90,1505,823,341,4364
33.84,92,1420,741,326,4372
33.86,90,1392,769,335,4293
33.88,93,1350,717,383,4362
33.9,96,1268,693,347,4262
33.92,93,1270,698,370,4240
33.94,91,1219,642,348,4053
33.96,100,1216,588,334,4066
33.98,71,1144,626,386,3992
34,69,1127,572,369,3896
34.02,102,1129,592,378,3810
34.04,96,1069,544,382,3973
34.06,80,1011,562,391,3907
34.08,77,1074,537,406,3862
34.1,100,1010,547,399,3734
34.12,87,1012,503,483,3723
34.14,63,957,477,451,3741
34.16,95,934,485,437,3644
34.18,86,959,470,497,3759
34.2,85,926,487,499,3749
34.22,91,837,485,475,3759
34.24,93,817,502,488,3595
34.26,78,930,451,496,3555
34.28,90,846,475,507,3652
34.3,81,800,424,481,3714
34.32,84,931,421,559,3708
34.34,88,851,505,537,3682
34.36,82,863,404,501,3824
34.38,84,822,445,554,3759
34.4,82,795,439,666,3809
34.42,77,834,431,594,3921
34.44,82,868,431,708,3831
34.46,88,789,442,664,3800
34.48,86,802,482,674,4073
34.5,85,822,458,716,4059
34.52,85,843,450,728,4106
34.54,84,821,448,809,4301
34.56,80,846,440,821,4251
34.58,90,902,486,852,4394
34.6,102,888,469,881,4439
34.62,92,875,497,907,4601
34.64,98,875,480,995,4538
34.66,66,845,455,1024,4657
34.68,93,875,515,1127,4718
34.7,86,905,485,1254,4634
34.72,84,885,473,1280,4900
34.74,84,991,490,1332,4833
34.76,106,984,508,1467,5056
34.78,89,999,560,1461,5304
34.8,82,998,541,1538,5346
34.82,89,1066,556,1657,5457
34.84,79,1085,550,1870,5548
34.86,71,1042,559,1991,5718
34.88,90,1077,632,2281,5610
34.9,83,1208,577,2291,5914
34.92,80,1165,687,2479,5918
34.94,76,1208,685,2564,6211
34.96,83,1226,758,2840,6251
34.98,76,1248,771,3208,6429
35,86,1387,759,3397,6497
35.02,77,1432,776,3665,6771
35.04,62,1443,942,3849,6798
35.06,85,1473,1065,4204,7113
35.08,61,1572,1017,4454,7304
35.1,74,1622,1146,4962,7290
35.12,89,1728,1223,5120,7649
35.14,87,1619,1321,5398,7707
35.16,96,1768,1466,5735,7817
35.18,84,1804,1617,5848,7770
35.2,78,1885,1873,6321,8082
35.22,76,1916,2064,6407,8127
35.24,76,2028,2256,6682,8315
35.26,87,2093,2488,7089,8463
35.28,66,2163,2683,7218,8503
35.3,101,2300,3292,7396,8622
35.32,89,2211,3365,7525,8532
35.34,95,2293,3687,7727,8559
35.36,61,2302,4138,7894,8483
35.38,75,2460,4285,8167,8549
35.4,78,2381,4896,8278,8717
35.42,79,2370,5201,8092,8821
35.44,90,2375,5434,8118,8770
35.46,102,2307,5926,8081,8712
35.48,105,2439,6225,8147,8555
35.5,79,2462,6520,7866,8703
35.52,90,2457,6630,7966,8532
35.54,101,2578,6863,7877,8665
35.56,88,2506,7147,7332,8489
35.58,92,2576,7339,7280,8718
35.6,59,2540,7113,7135,8644
35.62,77,2598,7360,6744,8456
35.64,93,2470,7176,6451,8350
35.66,81,2516,7123,6213,8710
35.68,81,2409,7002,6140,8283
35.7,86,2350,6562,5556,8256
35.72,90,2433,6315,5359,8271
35.74,91,2417,6146,5085,8080
35.76,81,2286,5537,4851,8043
35.78,89,2276,5391,4633,7798
35.8,57,2260,4736,4161,8065
35.82,105,2298,4527,4003,7715
35.84,86,2264,4083,3706,7567
35.86,84,2131,3818,3526,7680
35.88,98,2168,3527,3336,7393
35.9,95,2007,3305,3188,7295
35.92,86,2020,2872,2884,7271
35.94,86,2021,2680,2760,6951
35.96,74,1892,2337,2556,6874
35.98,100,1731,2141,2417,6832
36,77,1822,1878,2302,6788
36.02,64,1795,1727,2087,6515
36.04,81,1689,1623,1895,6340
36.06,89,1651,1433,1732,6348
36.08,91,1590,1323,1836,6205
36.1,82,1458,1170,1606,5951
36.12,89,1455,1096,1533,6028
36.14,78,1422,1006,1485,5949
36.16,88,1373,971,1367,5738
36.18,79,1340,823,1326,5608
36.2,75,1315,790,1287,5557
36.22,78,1224,687,1205,5338
36.24,83,1259,710,1132,5175
36.26,83,1172,647,1110,5093
36.28,76,1068,595,1018,5020
36.3,87,1129,577,961,4894
36.32,70,1041,572,1016,4723
36.34,113,999,560,968,4661
36.36,78,931,488,976,4538
36.38,87,969,494,906,4389
36.4,82,891,453,933,4261
36.42,103,837,469,941,4205
36.44,93,860,445,889,4255
36.46,69,807,401,898,3980
36.48,88,829,426,988,3963
36.5,81,761,376,921,3843
36.52,89,736,422,965,3725
36.54,85,695,379,951,3620
36.56,77,681,353,995,3591
36.58,80,673,376,944,3642
36.6,62,631,370,1027,3357
36.62,64,657,380,1046,3222
36.64,74,634,344,1124,3287
36.66,74,607,347,1174,3287
36.68,75,579,321,1127,3272
36.7,91,580,323,1231,3233
36.72,98,589,317,1210,2978
36.74,71,525,279,1279,2977
36.76,86,520,306,1375,2973
36.78,94,523,277,1420,2883
36.8,75,538,290,1398,2868
36.82,88,467,262,1575,2771
36.84,102,536,236,1542,2809
36.86,88,505,264,1549,2722
36.88,74,481,238,1627,2543
36.9,77,504,273,1713,2613
36.92,78,503,259,1710,2487
36.94,82,476,242,1670,2587
36.96,80,457,231,1781,2426
36.98,80,418,233,1715,2474
37,104,420,244,1742,2413
37.02,63,423,232,1807,2307
37.04,82,455,248,1812,2312
37.06,79,421,212,1728,2243
37.08,79,395,228,1862,2225
37.1,79,395,192,1766,2181
37.12,89,431,198,1786,2101
37.14,78,405,210,1785,2064
37.16,74,390,212,1672,2094
37.18,84,433,201,1658,2149
37.2,71,407,232,1652,2053
37.22,92,384,218,1669,2027
37.24,87,405,206,1529,2070
37.26,78,409,233,1586,1919
37.28,83,340,188,1480,1924
37.3,61,347,200,1463,1812
37.32,82,362,187,1330,1879
37.34,68,358,226,1249,1837
37.36,107,358,184,1273,1779
37.38,81,344,199,1171,1791
37.4,82,323,208,1202,1700
37.42,68,382,189,1066,1698
37.44,90,356,176,1073,1693
37.46,87,356,166,988,1622
37.48,91,358,176,969,1550
37.5,103,367,191,888,1597
37.52,78,320,194,837,1487
37.54,80,328,188,761,1479
37.56,74,334,202,782,1560
37.58,86,303,185,698,1440
37.6,74,336,156,719,1484
37.62,72,337,137,644,1431
37.64,72,345,181,584,1363
37.66,87,361,152,617,1370
37.68,74,339,187,546,1273
37.7,81,346,178,559,1295
37.72,74,348,157,528,1337
37.74,97,331,179,497,1286
37.76,70,317,173,478,1284
37.78,81,307,159,452,1213
37.8,76,332,180,464,1205
37.82,65,269,160,418,1227
37.84,91,359,172,431,1139
37.86,103,331,156,401,1216
37.88,82,291,156,418,1194
37.9,81,318,153,346,1155
37.92,81,296,163,363,1061
37.94,67,304,139,308,1119
37.96,85,279,152,347,1103
37.98,70,329,142,359,979
38,89,327,147,365,1028
38.02,87,306,140,330,952
38.04,72,322,157,278,1009
38.06,80,301,186,284,990
38.08,95,296,150,261,975
38.1,89,285,149,273,983
38.12,80,290,170,301,974
38.14,79,302,170,276,987
38.16,70,262,159,270,968
38.18,60,306,147,288,947
38.2,82,286,141,259,879
38.22,96,284,155,270,975
38.24,65,305,149,258,900
38.26,89,295,149,273,844
38.28,73,283,167,238,820
38.3,90,303,149,281,893
38.32,73,241,157,257,804
38.34,63,285,186,250,863
38.36,83,257,136,229,764
38.38,90,287,150,255,793
38.4,89,271,149,247,841
38.42,74,258,151,231,782
38.44,70,281,168,226,826
38.46,94,274,134,265,788
38.48,80,306,149,196,764
38.5,78,288,139,219,728
38.52,92,262,144,223,753
38.54,73,305,151,207,773
38.56,78,285,158,190,769
38.58,74,287,143,201,714
38.6,82,288,149,245,715
38.62,78,299,133,215,707
38.64,72,268,150,182,747
38.66,75,312,137,191,753
38.68,73,262,125,195,685
38.7,65,312,148,200,688
38.72,89,280,141,193,731
38.74,70,268,149,199,702
38.76,72,284,133,215,686
38.78,76,281,123,198,703
38.8,76,279,150,208,672
38.82,73,275,139,216,708
38.84,83,261,175,211,673
38.86,78,311,137,183,673
38.88,94,276,145,206,650
38.9,94,270,143,216,644
38.92,82,231,159,245,686
38.94,97,299,165,176,704
38.96,99,246,156,172,668
38.98,89,265,133,167,705
39,70,243,165,189,660
39.02,77,298,143,193,657
39.04,88,294,144,180,632
39.06,95,252,153,186,639
39.08,61,266,173,196,662
39.1,75,287,163,200,608
39.12,78,272,171,198,663
39.14,93,280,132,179,691
39.16,66,261,136,191,688
39.18,83,268,165,204,602
39.2,60,293,129,194,689
39.22,83,310,169,192,694
39.24,81,289,178,200,609
39.26,92,250,156,191,634
39.28,91,266,148,177,647
39.3,86,287,154,170,645
39.32,78,284,168,204,665
39.34,105,276,177,197,678
39.36,87,255,144,185,705
39.38,70,275,160,191,706
39.4,72,277,163,177,668
39.42,60,271,121,174,674
39.44,71,283,138,194,666
39.46,71,244,141,187,683
39.48,85,295,166,164,712
39.5,93,245,171,193,785
39.52,86,261,126,171,719
39.54,70,264,171,218,723
39.56,82,247,136,182,725
39.58,81,267,148,198,669
39.6,79,271,153,184,747
39.62,71,310,180,184,758
39.64,73,320,181,172,774
39.66,61,279,168,190,797
39.68,73,322,185,177,761
39.7,75,304,162,164,769
39.72,80,285,154,180,825
39.74,69,279,146,198,820
39.76,62,292,174,179,830
39.78,96,275,177,175,843
39.8,82,307,169,153,848
39.82,82,323,163,144,829
39.84,91,309,179,174,841
39.86,75,313,156,162,897
39.88,84,337,202,182,905
39.9,71,345,186,152,801
39.92,70,313,188,182,852
39.94,98,317,183,167,903
39.96,82,362,207,162,877
39.98,66,367,173,170,970
40,85,366,217,161,909
40.02,73,370,212,188,937
40.04,76,348,226,184,969
40.06,83,384,212,150,949
40.08,92,360,206,191,1013
40.1,78,409,236,168,1000
40.12,85,396,233,191,1003
40.14,74,403,245,186,1105
40.16,65,429,248,201,1094
40.18,81,429,291,161,1084
40.2,92,456,287,165,1095
40.22,71,416,320,155,1117
40.24,90,464,340,170,1130
40.26,72,470,287,181,1158
40.28,86,511,375,175,1186
40.3,83,509,333,166,1176
40.32,94,498,387,190,1255
40.34,60,507,383,175,1267
40.36,86,542,430,153,1194
40.38,84,541,460,176,1310
40.4,94,646,500,160,1278
40.42,81,576,551,190,1299
40.44,76,604,597,209,1363
40.46,77,640,663,187,1378
40.48,87,665,727,187,1411
40.5,84,697,819,192,1452
40.52,70,674,875,201,1373
40.54,71,692,945,192,1450
40.56,71,788,1081,191,1536
40.58,73,726,1162,177,1545
40.6,92,752,1230,182,1541
40.62,99,747,1329,191,1477
40.64,81,780,1394,195,1506
40.66,61,740,1443,178,1535
40.68,68,744,1642,180,1465
40.7,79,767,1749,179,1587
40.72,79,829,1786,187,1527
40.74,81,786,1891,195,1585
40.76,69,773,1960,176,1516
40.78,83,789,2007,182,1573
40.8,73,775,2150,176,1585
40.82,73,789,2122,204,1482
40.84,85,786,2130,216,1567
40.86,64,783,2032,227,1557
40.88,75,772,2118,185,1626
40.9,59,756,2116,202,1635
40.92,93,789,1993,169,1574
40.94,79,809,1864,178,1542
40.96,88,768,1886,193,1479
40.98,71,791,1799,187,1511
41,69,751,1720,204,1502
41.02,91,720,1591,227,1481
41.04,77,694,1538,207,1490
41.06,67,672,1393,221,1492
41.08,74,703,1253,198,1570
41.1,77,662,1127,204,1547
41.12,81,637,1044,172,1452
41.14,86,644,1016,200,1472
41.16,77,626,986,198,1535
41.18,87,603,795,185,1434
41.2,83,605,747,225,1468
41.22,71,597,748,211,1433
41.24,72,575,635,226,1349
41.26,90,611,569,200,1371
41.28,78,559,563,213,1347
41.3,106,538,451,210,1454
41.32,84,553,428,255,1353
41.34,80,539,434,194,1380
41.36,85,520,393,280,1337
41.38,82,472,374,222,1279
41.4,64,507,332,213,1295
41.42,71,517,320,259,1289
41.44,75,409,283,240,1310
41.46,96,422,270,229,1285
41.48,93,424,288,236,1277
41.5,86,419,248,249,1256
41.52,88,427,281,249,1299
41.54,84,397,253,237,1196
41.56,73,344,252,272,1243
41.58,80,370,215,261,1181
41.6,78,369,219,260,1226
41.62,73,336,227,308,1186
41.64,68,358,191,284,1187
41.66,69,347,190,278,1131
41.68,77,298,222,291,1180
41.7,92,339,200,258,1207
41.72,85,318,216,274,1184
41.74,82,304,199,277,1146
41.76,62,284,179,314,1168
41.78,70,324,178,302,1175
41.8,60,289,198,299,1093
41.82,65,285,177,284,1150
41.84,69,249,162,317,1245
41.86,65,287,157,324,1166
41.88,74,255,167,323,1307
41.9,72,292,156,327,1164
41.92,84,264,161,337,1213
41.94,102,249,157,328,1220
41.96,73,256,143,335,1321
41.98,86,255,146,398,1261
42,69,234,140,362,1232
42.02,74,223,146,393,1286
42.04,69,232,149,399,1200
42.06,74,234,165,403,1341
42.08,85,233,149,397,1316
42.1,69,221,157,469,1284
42.12,80,226,142,450,1301
42.14,66,226,139,435,1360
42.16,71,209,142,516,1355
42.18,62,209,131,432,1427
42.2,86,218,183,503,1457
42.22,64,249,155,543,1387
42.24,86,188,136,585,1495
42.26,83,213,153,580,1439
42.28,71,204,118,602,1543
42.3,67,210,133,630,1569
42.32,86,233,153,702,1596
42.34,87,237,133,773,1576
42.36,75,195,162,762,1566
42.38,78,183,139,852,1642
42.4,79,195,124,905,1695
42.42,72,208,123,908,1667
42.44,68,187,128,1011,1792
42.46,89,201,129,1046,1727
42.48,84,194,127,1118,1807
42.5,89,211,124,1186,1837
42.52,67,195,118,1334,1854
42.54,76,196,117,1361,1943
42.56,72,197,127,1494,1892
42.58,63,208,131,1618,1831
42.6,80,208,122,1582,2035
42.62,62,191,142,1835,1998
42.64,86,205,117,1872,2111
42.66,76,193,110,2107,2078
42.68,64,176,133,2297,2256
42.7,71,178,121,2408,2137
42.72,82,182,134,2512,2319
42.74,86,180,131,2839,2326
42.76,57,222,142,2789,2415
42.78,63,195,124,3065,2412
42.8,71,189,129,3281,2433
42.82,69,175,130,3336,2379
42.84,69,189,107,3462,2415
42.86,70,193,109,3710,2382
42.88,82,167,111,3686,2399
42.9,79,167,122,3822,2363
42.92,80,164,95,3859,2461
42.94,89,183,125,3996,2376
42.96,75,198,121,4080,2401
42.98,72,163,106,4216,2421
43,66,171,111,4093,2360
43.02,87,178,117,4276,2484
43.04,74,182,150,4448,2417
43.06,84,175,112,4237,2433
43.08,84,187,118,4276,2429
43.1,84,176,120,4215,2427
43.12,72,187,121,4241,2499
43.14,75,187,106,4346,2484
43.16,86,159,113,3996,2339
43.18,81,190,105,3955,2360
43.2,70,182,103,3861,2344
43.22,96,197,113,3827,2327
43.24,57,181,140,3667,2338
43.26,89,164,130,3558,2392
43.28,78,194,103,3373,2255
43.3,76,147,131,3158,2285
43.32,77,168,116,3131,2315
43.34,97,145,117,3027,2163
43.36,85,162,128,2915,2226
43.38,73,155,114,2658,2137
43.4,83,174,129,2519,2093
43.42,72,169,116,2586,1946
43.44,78,181,95,2277,2025
43.46,79,174,108,2124,1968
43.48,85,173,127,2129,1891
43.5,71,185,133,1926,1884
43.52,71,185,130,1749,1992
43.54,68,168,119,1636,1836
43.56,77,171,104,1602,1941
43.58,87,166,117,1456,1703
43.6,88,152,113,1299,1821
43.62,81,164,121,1286,1795
43.64,84,153,91,1256,1663
43.66,62,190,115,1113,1691
43.68,54,159,120,1062,1682
43.7,79,170,99,957,1592
43.72,80,182,97,880,1606
43.74,90,156,101,894,1531
43.76,70,141,131,839,1452
43.78,80,138,112,807,1439
43.8,78,158,107,691,1457
43.82,68,156,117,675,1356
43.84,71,130,90,661,1319
43.86,75,149,115,615,1342
43.88,70,161,105,601,1380
43.9,70,165,104,508,1240
43.92,94,157,132,556,1207
43.94,73,156,116,527,1203
43.96,77,123,129,471,1168
43.98,67,167,123,466,1131
44,97,159,126,480,1061
44.02,91,143,117,454,1117
44.04,66,169,104,423,1003
44.06,67,186,110,348,1042
44.08,106,145,130,389,963
44.1,88,163,110,373,942
44.12,64,169,99,389,977
44.14,89,170,130,320,971
44.16,76,174,101,356,921
44.18,74,140,111,354,880
44.2,66,147,120,326,890
44.22,73,154,129,331,815
44.24,97,161,107,326,780
44.26,93,175,107,293,810
44.28,80,181,101,310,773
44.3,71,188,103,357,777
44.32,94,164,99,327,819
44.34,80,152,98,262,714
44.36,87,148,88,307,751
44.38,87,146,104,279,727
44.4,87,158,122,284,714
44.42,78,147,95,295,668
44.44,65,156,114,265,641
44.46,57,147,105,307,686
44.48,82,151,113,269,643
44.5,66,165,92,232,627
44.52,97,165,98,245,606
44.54,87,149,98,277,533
44.56,68,128,115,255,590
44.58,91,135,90,247,574
44.6,85,149,111,247,606
44.62,61,138,110,253,568
44.64,79,155,86,220,528
44.66,68,141,124,241,562
44.68,77,166,104,221,553
44.7,70,183,101,234,503
44.72,76,157,83,207,509
44.74,76,145,121,221,509
44.76,79,146,95,204,540
44.78,84,135,111,209,449
44.8,89,151,107,204,505
44.82,86,146,98,199,486
44.84,70,183,98,205,464
44.86,69,161,105,204,429
44.88,88,154,113,197,453
44.9,82,136,103,195,445
44.92,69,142,110,217,410
44.94,75,154,115,213,460
44.96,75,150,102,191,456
44.98,73,158,101,175,460
45,87,167,118,198,492
45.02,73,160,104,193,418
45.04,73,144,115,190,428
45.06,79,164,118,191,397
45.08,91,138,107,165,402
45.1,71,135,107,168,383
45.12,72,153,106,203,407
45.14,82,157,106,170,385
45.16,74,119,125,157,414
45.18,81,136,111,186,375
45.2,83,137,90,171,417
45.22,80,151,100,170,404
45.24,79,145,101,146,409
45.26,88,174,109,165,391
45.28,72,152,98,189,359
45.3,70,136,108,176,417
45.32,72,132,102,158,379
45.34,68,156,105,152,337
45.36,91,145,144,150,349
45.38,63,151,113,150,379
45.4,84,163,108,138,344
45.42,85,140,112,189,342
45.44,83,129,103,161,362
45.46,79,148,106,164,393
45.48,87,126,117,171,374
45.5,84,144,101,128,367
45.52,67,135,98,161,371
45.54,66,142,115,152,358
45.56,70,170,122,158,362
45.58,68,147,100,158,352
45.6,84,154,102,172,368
45.62,80,121,98,139,326
45.64,67,155,141,169,353
45.66,62,150,101,161,339
45.68,60,158,108,159,340
45.7,75,173,100,147,317
45.72,75,148,109,137,366
45.74,81,158,93,161,355
45.76,65,141,93,164,327
45.78,61,152,112,150,373
45.8,69,151,123,168,375
45.82,69,143,124,155,336
45.84,79,148,92,154,333
45.86,70,141,107,163,329
45.88,52,150,94,155,339
45.9,64,148,106,147,367
45.92,66,135,123,154,339
45.94,74,130,117,164,339
45.96,75,145,100,146,350
45.98,69,167,113,126,350
46,75,167,91,159,328
46.02,86,162,115,138,340
46.04,67,146,100,127,322
46.06,93,150,97,120,325
46.08,65,160,118,145,373
46.1,85,156,110,111,318
46.12,68,162,125,138,336
46.14,90,161,113,137,357
46.16,83,105,101,126,338
46.18,73,169,127,130,339
46.2,102,154,96,141,337
46.22,74,164,114,115,372
46.24,81,135,127,129,336
46.26,82,130,100,139,340
46.28,74,128,122,172,330
46.3,90,164,100,149,343
46.32,62,147,121,160,324
46.34,75,160,112,141,319
46.36,80,136,132,122,362
46.38,75,139,101,121,320
46.4,78,159,118,130,322
46.42,65,170,108,140,360
46.44,82,146,128,127,362
46.46,92,153,102,116,318
46.48,66,152,128,133,347
46.5,67,139,109,136,348
46.52,76,165,102,124,342
46.54,69,162,116,133,344
46.56,77,134,111,161,406
46.58,85,133,108,136,352
46.6,72,167,115,119,353
46.62,87,139,99,132,360
46.64,66,154,121,136,327
46.66,81,143,126,124,338
46.68,66,144,127,133,334
46.7,64,157,113,124,337
46.72,63,163,107,118,317
46.74,82,157,111,107,309
46.76,87,134,100,142,343
46.78,76,149,117,121,357
46.8,63,134,124,138,329
46.82,77,158,108,106,317
46.84,69,158,105,139,357
46.86,88,156,126,159,314
46.88,101,139,129,124,356
46.9,79,137,128,130,354
46.92,80,166,123,94,407
46.94,68,158,144,137,343
46.96,67,153,107,131,378
46.98,74,151,109,133,370
47,56,145,111,121,364
47.02,81,181,118,122,354
47.04,103,151,107,104,360
47.06,57,142,135,128,371
47.08,85,140,126,132,347
47.1,78,171,116,129,378
47.12,66,164,115,145,385
47.14,83,159,112,141,387
47.16,75,149,157,120,381
47.18,87,186,126,145,364
47.2,82,148,149,123,392
47.22,71,156,122,123,378
47.24,80,173,128,119,410
47.26,72,173,139,109,359
47.28,88,146,112,101,383
47.3,80,144,135,136,384
47.32,68,164,115,126,391
47.34,72,162,125,145,395
47.36,71,209,114,124,391
47.38,83,163,103,138,381
47.4,78,181,149,96,401
47.42,73,170,115,137,397
47.44,71,183,143,107,400
47.46,78,197,137,100,398
47.48,89,198,147,128,427
47.5,81,186,138,120,400
47.52,67,157,149,129,425
47.54,78,161,110,149,400
47.56,61,180,127,125,418
47.58,79,173,155,123,440
47.6,86,148,166,121,423
47.62,75,183,152,99,408
47.64,77,179,136,125,435
47.66,58,162,155,127,488
47.68,84,194,133,114,435
47.7,66,198,137,115,439
47.72,79,162,162,111,463
47.74,72,179,152,131,460
47.76,66,195,148,110,477
47.78,90,197,136,98,507
47.8,85,202,166,137,518
47.82,85,182,159,94,487
47.84,76,208,139,120,484
47.86,76,208,154,117,532
47.88,96,170,126,121,528
47.9,56,191,171,92,521
47.92,79,187,157,121,571
47.94,70,208,156,117,547
47.96,74,181,163,111,547
47.98,81,210,159,131,604
48,84,185,184,141,619
48.02,54,214,154,126,581
48.04,69,203,175,99,590
48.06,76,207,188,134,652
48.08,85,241,152,108,634
48.1,92,200,153,105,648
48.12,67,248,207,130,682
48.14,76,242,157,98,634
48.16,88,226,189,103,807
48.18,71,219,187,108,698
48.2,75,230,177,122,733
48.22,91,258,170,121,757
48.24,67,241,168,112,802
48.26,68,235,199,108,819
48.28,83,264,195,119,815
48.3,71,257,177,123,862
48.32,84,265,190,112,796
48.34,68,303,221,132,805
48.36,74,315,192,125,942
48.38,70,291,203,135,892
48.4,67,324,229,115,967
48.42,62,311,236,132,938
48.44,66,335,207,115,943
48.46,84,314,244,119,990
48.48,86,329,266,109,1096
48.5,93,362,223,110,1068
48.52,71,328,270,96,1062
48.54,69,380,254,115,1109
48.56,70,387,278,108,1121
48.58,68,442,279,120,1201
48.6,77,404,257,128,1229
48.62,75,419,285,143,1232
48.64,73,430,297,114,1232
48.66,81,435,291,133,1336
48.68,70,461,320,111,1344
48.7,83,501,307,116,1413
48.72,73,501,355,116,1369
48.74,77,520,359,101,1493
48.76,70,549,411,118,1435
48.78,76,572,411,119,1476
48.8,84,610,405,110,1587
48.82,87,613,424,121,1675
48.84,100,622,465,131,1577
48.86,75,659,518,119,1694
48.88,67,692,535,119,1648
48.9,68,733,551,123,1639
48.92,89,738,548,105,1697
48.94,78,805,599,135,1853
48.96,60,846,738,106,1840
48.98,100,772,713,101,1798
49,80,812,829,122,1922
49.02,85,876,988,136,1951
49.04,64,894,998,98,2142
49.06,74,925,1127,123,2080
49.08,50,963,1224,130,2099
49.1,65,1014,1336,124,2261
49.12,67,1105,1496,120,2232
49.14,92,1124,1651,127,2304
49.16,73,1112,1813,125,2285
49.18,72,1170,1948,122,2401
49.2,77,1176,2210,122,2373
49.22,76,1208,2398,115,2458
49.24,78,1179,2477,117,2512
49.26,73,1256,2689,137,2403
49.28,86,1221,2856,128,2377
49.3,68,1305,3085,132,2446
49.32,87,1267,3213,132,2366
49.34,77,1355,3326,115,2419
49.36,80,1259,3506,131,2420
49.38,72,1293,3640,130,2571
49.4,84,1303,3811,133,2371
49.42,84,1366,3896,119,2575
49.44,73,1246,4019,130,2402
49.46,76,1298,4152,119,2428
49.48,80,1314,4001,120,2447
49.5,102,1273,4166,129,2303
49.52,80,1323,3963,111,2402
49.54,73,1214,3945,102,2358
49.56,72,1269,3771,122,2317
49.58,79,1309,3775,107,2343
49.6,80,1248,3426,113,2439
49.62,94,1253,3483,116,2354
49.64,95,1173,3213,107,2289
49.66,72,1180,2922,139,2345
49.68,84,1195,2746,117,2435
49.7,70,1194,2556,97,2294
49.72,71,1201,2409,111,2237
49.74,75,1118,2235,129,2274
49.76,79,1076,1982,141,2110
49.78,63,1153,1766,107,2087
49.8,68,1040,1607,116,2120
49.82,92,960,1566,109,2157
49.84,76,1098,1412,123,2163
49.86,86,1030,1248,114,2052
49.88,60,921,1108,99,2066
49.9,67,895,1034,121,2031
49.92,62,897,1040,138,2006
49.94,77,808,902,103,2027
49.96,76,805,785,107,1886
49.98,68,813,806,136,1844
50,87,791,708,123,1890
50.02,86,825,637,114,1820
50.04,79,711,579,111,1806
50.06,79,683,559,109,1724
50.08,82,606,521,123,1725
50.1,72,657,476,111,1632
50.12,62,591,487,119,1632
50.14,87,664,441,99,1542
50.16,82,621,422,120,1484
50.18,70,581,394,101,1564
50.2,81,555,383,119,1512
50.22,81,515,364,147,1461
50.24,72,512,332,110,1427
50.26,68,497,323,109,1489
50.28,67,463,322,140,1428
50.3,80,463,305,117,1272
50.32,84,451,350,130,1326
50.34,72,449,270,126,1251
50.36,88,412,277,120,1192
50.38,79,416,259,115,1212
50.4,72,388,298,128,1171
50.42,93,388,234,124,1191
50.44,98,349,251,112,1140
50.46,65,361,263,132,1070
50.48,69,341,241,134,1058
50.5,62,318,244,125,1099
50.52,87,321,250,130,1140
50.54,91,315,237,130,1053
50.56,64,282,228,113,945
50.58,55,276,237,97,941
50.6,73,291,232,129,886
50.62,62,274,224,147,903
50.64,78,277,197,146,943
50.66,68,237,190,112,843
50.68,64,244,193,134,869
50.7,67,252,276,145,836
50.72,77,269,191,133,816
50.74,45,225,202,130,817
50.76,68,223,200,151,776
50.78,72,229,179,104,813
50.8,73,211,216,112,760
50.82,58,243,197,127,808
50.84,69,197,185,147,750
50.86,91,191,197,133,761
50.88,75,214,168,99,694
50.9,70,210,185,136,648
50.92,74,197,157,107,691
50.94,82,200,211,132,723
50.96,84,207,145,136,660
50.98,72,248,173,147,685
51,100,171,193,151,670
51.02,67,190,157,123,625
51.04,89,182,175,128,639
51.06,80,182,179,126,598
51.08,63,183,180,127,603
51.1,74,185,161,132,572
51.12,64,176,144,128,599
51.14,84,210,166,138,570
51.16,75,170,162,107,618
51.18,98,188,181,125,580
51.2,84,186,181,154,556
51.22,52,163,133,143,573
51.24,72,168,160,149,574
51.26,96,171,173,149,587
51.28,86,166,174,115,602
51.3,51,191,156,98,570
51.32,79,199,138,140,586
51.34,69,186,146,153,542
51.36,81,166,138,152,557
51.38,63,159,134,143,561
51.4,69,153,131,134,549
51.42,92,168,184,141,562
51.44,88,163,140,140,514
51.46,81,164,148,125,552
51.48,63,177,176,130,580
51.5,73,168,171,133,539
51.52,82,174,176,155,504
51.54,81,154,155,167,507
51.56,80,162,155,157,571
51.58,67,173,150,145,564
51.6,71,164,140,133,547
51.62,60,166,171,136,500
51.64,78,154,159,143,530
51.66,58,157,147,160,519
51.68,77,144,168,185,580
51.7,61,158,130,156,581
51.72,86,155,149,160,582
51.74,79,186,144,152,493
51.76,71,159,162,152,507
51.78,79,141,171,159,607
51.8,78,148,179,183,541
51.82,75,142,167,152,578
51.84,78,141,140,170,556
51.86,71,147,151,161,571
51.88,75,168,147,171,545
51.9,83,143,150,164,571
51.92,77,156,163,202,589
51.94,77,133,155,154,600
51.96,71,138,164,158,585
51.98,78,110,155,136,550
52,72,134,158,168,610
52.02,64,139,138,160,657
52.04,75,151,159,173,640
52.06,76,135,181,196,587
52.08,53,129,137,181,607
52.1,65,144,139,166,636
52.12,81,142,147,166,672
52.14,68,141,158,172,659
52.16,87,147,172,194,689
52.18,89,143,138,174,658
52.2,88,128,179,182,669
52.22,60,126,177,215,680
52.24,63,115,142,180,681
52.26,91,153,150,201,733
52.28,84,152,142,203,728
52.3,83,127,163,199,751
52.32,80,136,179,179,769
52.34,75,128,165,194,735
52.36,75,135,148,219,803
52.38,80,128,152,190,800
52.4,68,117,195,196,749
52.42,80,150,141,236,783
52.44,77,105,177,246,839
52.46,84,147,157,225,789
52.48,80,143,167,233,869
52.5,71,145,183,275,860
52.52,72,140,189,267,941
52.54,56,117,171,284,901
52.56,59,136,194,284,928
52.58,68,129,203,261,938
52.6,76,133,179,349,902
52.62,86,125,167,267,995
52.64,78,140,176,314,1061
52.66,77,146,212,333,1064
52.68,64,132,200,378,1081
52.7,86,122,171,383,1119
52.72,50,135,195,322,1099
52.74,67,119,226,400,1088
52.76,78,124,176,423,1083
52.78,63,124,187,474,1224
52.8,70,130,178,477,1198
52.82,77,120,212,465,1322
52.84,84,115,211,513,1259
52.86,80,115,208,550,1393
52.88,80,143,220,564,1293
52.9,73,149,208,641,1336
52.92,74,146,232,638,1387
52.94,78,140,211,683,1402
52.96,81,138,240,691,1382
52.98,70,126,204,680,1508
53,69,135,218,828,1558
53.02,79,134,247,808,1599
53.04,80,121,253,847,1617
53.06,80,142,245,950,1647
53.08,73,124,251,943,1803
53.1,88,127,241,1028,1701
53.12,72,113,260,1117,1747
53.14,79,133,292,1154,1778
53.16,79,150,274,1166,1794
53.18,84,114,293,1266,1866
53.2,80,135,298,1230,1873
53.22,75,141,279,1293,1896
53.24,66,113,326,1338,1915
53.26,77,131,345,1393,1979
53.28,88,136,327,1376,2017
53.3,74,161,339,1485,2044
53.32,67,122,353,1497,2121
53.34,91,136,358,1486,2115
53.36,58,118,359,1552,2168
53.38,63,130,380,1516,2129
53.4,73,110,438,1495,2255
53.42,74,130,444,1518,2245
53.44,74,114,459,1528,2124
53.46,66,118,497,1499,2314
53.48,95,166,495,1654,2348
53.5,93,139,570,1440,2422
53.52,66,104,598,1482,2414
53.54,84,138,692,1437,2448
53.56,79,124,711,1347,2404
53.58,87,117,721,1464,2393
53.6,75,127,772,1296,2584
53.62,81,128,814,1279,2488
53.64,62,138,926,1276,2622
53.66,63,143,1050,1274,2703
53.68,85,123,1132,1187,2654
53.7,81,117,1238,1161,2661
53.72,65,122,1332,1009,2690
53.74,71,126,1568,1034,2816
53.76,85,106,1647,1013,2826
53.78,65,136,1858,937,2906
53.8,67,120,1999,895,2866
53.82,61,132,2176,821,2945
53.84,71,120,2305,803,2839
53.86,74,122,2465,719,2952
53.88,61,115,2638,747,2801
53.9,63,122,2835,642,2895
53.92,64,125,3078,642,2970
53.94,71,123,3197,624,2835
53.96,72,123,3390,534,2923
53.98,70,107,3419,555,2888
54,78,153,3606,595,2924
54.02,74,109,3569,510,2813
54.04,69,122,3676,520,2785
54.06,80,112,3867,451,2810
54.08,69,127,3806,466,2867
54.1,76,119,3878,388,2804
54.12,60,116,3778,438,2782
54.14,69,124,3997,380,2882
54.16,81,102,3761,376,2768
54.18,69,125,3504,414,2731
54.2,79,105,3441,342,2712
54.22,91,132,3202,330,2661
54.24,74,125,3004,339,2784
54.26,63,128,2848,321,2748
54.28,79,110,2786,308,2567
54.3,88,112,2603,298,2617
54.32,84,126,2263,279,2577
54.34,73,136,2173,285,2617
54.36,85,126,1987,281,2466
54.38,74,95,1930,257,2519
54.4,67,111,1746,254,2403
54.42,74,133,1570,237,2374
54.44,63,122,1405,254,2384
54.46,75,122,1408,256,2335
54.48,67,129,1246,269,2196
54.5,80,113,1159,253,2251
54.52,65,130,975,233,2240
54.54,70,115,833,216,2195
54.56,72,126,852,241,2233
54.58,84,119,776,246,2119
54.6,101,111,763,214,2078
54.62,65,128,707,244,2050
54.64,59,94,550,221,1942
54.66,85,121,626,224,1923
54.68,69,135,519,232,1881
54.7,80,123,489,253,1909
54.72,67,135,479,221,1906
54.74,101,130,458,220,1806
54.76,62,137,386,224,1863
54.78,81,114,429,217,1758
54.8,86,110,402,197,1723
54.82,69,100,396,221,1714
54.84,72,109,362,227,1604
54.86,65,98,373,209,1597
54.88,77,106,319,213,1541
54.9,76,114,354,211,1594
54.92,79,114,316,199,1494
54.94,72,92,278,248,1519
54.96,88,134,338,243,1424
54.98,65,129,303,223,1448
55,65,125,268,235,1377
55.02,78,113,291,234,1275
55.04,72,101,290,222,1314
55.06,67,126,232,237,1362
55.08,66,109,242,215,1277
55.1,70,126,241,231,1276
55.12,69,98,237,198,1300
55.14,81,129,248,231,1266
55.16,95,132,240,216,1177
55.18,74,143,222,235,1093
55.2,62,90,248,203,1141
55.22,71,109,217,211,1161
55.24,86,112,212,214,1176
55.26,75,107,227,226,1115
55.28,69,118,199,228,1142
55.3,77,88,210,254,1160
55.32,76,119,210,234,1101
55.34,77,106,195,213,1068
55.36,74,115,196,260,1039
55.38,74,123,184,204,1035
55.4,84,104,197,216,1022
55.42,70,115,231,233,983
55.44,71,111,166,283,1011
55.46,80,104,187,239,1024
55.48,72,95,175,260,997
55.5,67,120,192,240,1000
55.52,74,116,168,242,933
55.54,80,106,169,227,1030
55.56,58,132,180,239,936
55.58,80,99,177,220,976
55.6,107,95,189,280,972
55.62,68,114,162,249,952
55.64,79,108,170,257,1006
55.66,68,138,156,262,947
55.68,79,106,153,283,1011
55.7,87,124,160,304,1029
55.72,86,118,143,303,933
55.74,94,120,161,281,915
55.76,78,106,155,314,1033
55.78,85,106,154,303,1002
55.8,73,108,154,316,1006
55.82,75,99,166,329,1071
55.84,93,107,141,341,1070
55.86,71,97,150,347,1050
55.88,70,119,144,334,959
55.9,85,148,145,363,1093
55.92,110,118,169,337,1064
55.94,70,111,147,339,1093
55.96,72,116,154,376,1129
55.98,80,106,153,360,1124
56,85,111,177,409,1146
56.02,73,116,173,448,1160
56.04,83,113,186,424,1136
56.06,65,105,160,424,1282
56.08,65,111,135,458,1276
56.1,84,118,142,529,1328
56.12,79,107,177,526,1263
56.14,78,107,148,524,1275
56.16,85,113,172,508,1323
56.18,70,132,157,566,1329
56.2,69,114,160,625,1412
56.22,75,133,160,638,1328
56.24,87,94,146,672,1467
56.26,68,113,147,717,1446
56.28,82,117,170,743,1445
56.3,71,110,130,787,1587
56.32,73,115,129,792,1500
56.34,74,136,154,812,1537
56.36,70,128,160,910,1572
56.38,89,107,140,969,1576
56.4,78,98,160,1059,1569
56.42,87,122,163,1173,1666
56.44,65,109,144,1186,1731
56.46,85,100,143,1272,1657
56.48,77,107,186,1421,1779
56.5,72,124,139,1373,1795
56.52,62,112,164,1473,1918
56.54,88,98,157,1598,1913
56.56,72,106,152,1755,1980
56.58,80,111,167,1872,1908
56.6,97,111,190,1954,2010
56.62,79,111,148,2080,2005
56.64,66,113,151,2190,1986
56.66,84,122,168,2277,2085
56.68,80,116,156,2455,2150
56.7,68,96,163,2576,2124
56.72,76,123,150,2598,2061
56.74,67,129,192,2680,2004
56.76,82,125,176,2804,2169
56.78,66,83,188,2887,2185
56.8,77,106,134,3042,2253
56.82,66,107,151,3080,2119
56.84,69,116,193,3033,2136
56.86,69,100,189,3080,2160
56.88,81,127,153,3215,2198
56.9,70,102,201,3215,2225
56.92,63,119,215,3300,2126
56.94,75,104,206,3335,2236
56.96,73,107,215,3306,2274
56.98,67,130,219,3288,2278
57,91,142,254,3311,2291
57.02,91,91,246,3270,2220
57.04,62,107,239,3155,2288
57.06,68,98,299,3151,2110
57.08,65,128,285,3169,2332
57.1,86,106,299,2971,2271
57.12,48,106,311,2874,2308
57.14,72,113,348,2900,2311
57.16,72,115,363,2763,2207
57.18,86,110,388,2680,2299
57.2,69,120,400,2648,2100
57.22,71,124,422,2462,2213
57.24,66,101,516,2385,2153
57.26,75,113,507,2284,2274
57.28,88,108,559,2104,2223
57.3,63,134,575,2079,2113
57.32,77,93,648,1909,2006
57.34,70,127,673,1803,2107
57.36,73,140,725,1771,2134
57.38,52,109,770,1610,2060
57.4,66,115,786,1608,2135
57.42,78,117,863,1455,1997
57.44,76,118,852,1451,2009
57.46,83,106,904,1257,2017
57.48,66,112,935,1312,1970
57.5,87,111,901,1236,1904
57.52,64,128,948,1049,1821
57.54,80,110,964,1055,1909
57.56,77,106,1056,1011,1889
57.58,81,107,993,953,1936
57.6,84,132,1019,850,1831
57.62,80,136,942,848,1710
57.64,77,100,979,826,1773
57.66,71,120,1031,728,1805
57.68,75,93,937,664,1676
57.7,65,130,881,617,1714
57.72,81,125,921,622,1729
57.74,71,90,845,616,1674
57.76,89,98,787,561,1575
57.78,72,115,715,503,1534
57.8,64,106,747,530,1587
57.82,69,101,696,492,1516
57.84,82,113,622,504,1482
57.86,76,100,577,428,1387
57.88,82,110,582,472,1386
57.9,92,102,486,401,1436
57.92,89,108,459,397,1331
57.94,70,121,434,423,1365
57.96,77,122,437,393,1306
57.98,66,96,338,410,1248
58,82,110,375,338,1236
58.02,64,123,344,356,1232
58.04,79,121,336,337,1187
58.06,81,99,285,340,1199
58.08,80,86,299,315,1196
58.1,78,113,280,291,1122
58.12,60,103,282,325,1133
58.14,67,109,244,274,1131
58.16,60,103,245,287,1074
58.18,66,122,234,303,1004
58.2,89,103,215,263,1012
58.22,80,97,183,263,1042
58.24,72,101,213,269,965
58.26,65,108,178,255,942
58.28,84,111,153,280,958
58.3,83,114,208,248,961
58.32,63,125,174,277,913
58.34,58,110,130,223,884
58.36,67,112,167,266,912
58.38,82,124,163,240,806
58.4,83,101,161,224,853
58.42,67,95,156,246,769
58.44,78,98,181,253,804
58.46,61,98,163,246,770
58.48,72,93,144,249,762
58.5,82,94,145,210,770
58.52,70,114,154,238,767
58.54,83,117,157,225,690
58.56,96,133,151,214,766
58.58,95,95,147,212,733
58.6,80,105,163,226,694
58.62,78,117,147,207,686
58.64,72,97,114,242,694
58.66,79,110,142,207,669
58.68,72,103,152,210,675
58.7,86,95,128,193,642
58.72,54,75,124,232,622
58.74,82,118,157,205,670
58.76,74,113,154,221,572
58.78,82,107,135,199,585
58.8,75,90,135,215,574
58.82,69,132,125,181,621
58.84,72,113,146,183,552
58.86,68,117,127,194,593
58.88,83,107,120,219,533
58.9,76,86,128,219,534
58.92,66,111,135,183,547
58.94,76,96,131,180,465
58.96,80,118,147,195,527
58.98,76,134,121,187,495
59,78,113,134,194,468
59.02,89,107,142,188,534
59.04,73,107,132,184,528
59.06,74,100,136,182,533
59.08,84,107,138,189,507
59.1,79,92,110,177,489
59.12,80,110,129,183,484
59.14,75,95,129,194,496
59.16,63,111,127,168,463
59.18,88,111,136,161,497
59.2,78,114,133,142,502
59.22,63,135,135,182,488
59.24,83,108,127,149,478
59.26,71,100,142,187,464
59.28,70,101,123,188,476
59.3,84,136,132,179,453
59.32,78,111,144,146,451
59.34,80,105,120,185,453
59.36,65,105,124,161,432
59.38,61,100,103,153,466
59.4,86,113,125,183,457
59.42,70,92,110,184,459
59.44,77,121,102,150,441
59.46,71,110,124,161,458
59.48,77,125,118,161,495
59.5,79,114,154,147,444
59.52,76,114,125,179,443
59.54,59,134,133,144,458
59.56,74,121,136,173,445
59.58,69,116,90,183,430
59.6,85,100,120,175,484
59.62,63,102,134,154,461
59.64,70,87,122,192,481
59.66,101,121,133,166,441
59.68,79,105,108,157,410
59.7,77,112,137,165,438
59.72,53,136,102,179,462
59.74,75,105,107,154,441
59.76,77,97,124,181,471
59.78,55,112,119,159,413
59.8,80,108,127,157,455
59.82,77,103,128,159,418
59.84,61,110,136,179,463
59.86,88,101,118,181,389
59.88,57,120,130,142,428
59.9,71,111,124,168,438
59.92,80,109,106,193,444
59.94,70,100,110,153,418
59.96,79,100,136,150,441
59.98,82,110,134,152,463
60,91,99,130,162,483
60.02,79,100,140,173,464
60.04,72,101,148,162,456
60.06,68,116,102,157,493
60.08,59,132,157,161,381
60.1,73,116,131,148,454
60.12,76,103,132,177,526
60.14,52,82,146,173,437
60.16,74,107,112,161,527
60.18,84,119,126,166,473
60.2,74,95,142,136,429
60.22,72,91,134,166,474
60.24,82,124,123,158,478
60.26,88,112,120,190,479
60.28,77,103,141,158,498
60.3,69,117,117,176,491
60.32,78,138,149,190,506
60.34,52,110,116,203,539
60.36,68,109,128,156,509
60.38,68,125,129,175,529
60.4,67,89,129,192,549
60.42,85,103,147,147,493
60.44,82,92,121,196,493
60.46,65,90,123,157,527
60.48,77,109,133,179,518
60.5,74,120,132,177,525
60.52,86,115,162,193,559
60.54,79,110,124,166,559
60.56,61,94,145,188,566
60.58,90,116,123,160,552
60.6,69,102,150,175,584
60.62,91,99,156,174,561
60.64,70,92,138,161,543
60.66,82,123,168,185,596
60.68,81,111,157,191,576
60.7,76,97,151,196,640
60.72,78,104,153,179,586
60.74,85,98,117,181,625
60.76,68,112,140,190,601
60.78,67,101,159,181,671
60.8,71,103,151,213,650
60.82,62,91,130,213,651
60.84,94,93,159,158,647
60.86,84,86,151,211,631
60.88,72,127,161,182,731
60.9,85,84,161,203,748
60.92,61,101,150,186,699
60.94,70,123,150,220,747
60.96,77,98,187,186,747
60.98,88,95,176,194,741
61,105,125,182,183,777
61.02,78,103,167,219,800
61.04,64,115,172,187,828
61.06,86,124,163,222,778
61.08,70,98,181,215,791
61.1,82,124,158,209,839
61.12,76,111,159,190,842
61.14,86,132,161,221,897
61.16,76,107,179,232,931
61.18,70,109,178,213,959
61.2,64,129,198,242,978
61.22,81,122,190,288,1046
61.24,93,92,177,253,1023
61.26,61,125,220,231,1042
61.28,96,103,192,259,1162
61.3,87,96,224,248,1156
61.32,71,96,199,276,1134
61.34,54,108,234,245,1142
61.36,65,96,220,262,1171
61.38,79,98,224,287,1180
61.4,75,96,222,274,1242
61.42,72,94,211,275,1276
61.44,67,123,207,265,1212
61.46,85,131,216,282,1404
61.48,69,130,244,306,1347
61.5,73,106,265,336,1397
61.52,66,88,249,328,1437
61.54,74,113,253,310,1483
61.56,79,96,276,306,1511
61.58,91,109,286,333,1523
61.6,69,116,279,331,1583
61.62,88,87,275,336,1610
61.64,64,106,300,401,1541
61.66,81,116,307,387,1702
61.68,87,123,339,424,1775
61.7,81,113,282,405,1780
61.72,73,94,349,441,1874
61.74,86,97,377,424,1777
61.76,70,123,402,460,1899
61.78,79,99,378,544,1984
61.8,55,90,391,512,1934
61.82,73,93,442,537,1973
61.84,79,114,471,558,2031
61.86,95,99,451,592,2110
61.88,63,107,549,612,2186
61.9,49,120,540,653,2263
61.92,76,109,611,695,2133
61.94,76,118,647,750,2214
61.96,85,108,652,744,2319
61.98,88,130,759,796,2374
62,82,123,794,859,2460
62.02,72,127,826,859,2542
62.04,74,109,982,926,2494
62.06,73,102,1015,1033,2546
62.08,60,100,1137,1048,2688
62.1,102,101,1195,1118,2687
62.12,60,101,1361,1229,2742
62.14,71,108,1408,1348,2830
62.16,82,108,1633,1309,2870
62.18,78,110,1760,1452,2917
62.2,79,112,1896,1581,2915
62.22,65,114,1959,1660,3109
62.24,68,101,2186,1699,3107
62.26,72,113,2231,1912,3081
62.28,64,107,2376,1927,3083
62.3,83,108,2417,2008,3170
62.32,87,116,2617,1961,3134
62.34,75,115,2586,2169,3159
62.36,78,114,2635,2260,3210
62.38,77,112,2774,2311,3044
62.4,82,112,2878,2370,3167
62.42,90,98,2920,2440,3018
62.44,70,99,2921,2521,3034
62.46,76,97,2939,2467,3208
62.48,79,112,2873,2632,3139
62.5,86,121,2864,2623,3093
62.52,64,86,2881,2601,3301
62.54,69,105,2809,2756,3177
62.56,81,102,2573,2559,3151
62.58,91,97,2396,2734,3178
62.6,67,107,2346,2744,3086
62.62,84,107,2279,2684,3229
62.64,65,119,2070,2626,3050
62.66,77,109,2030,2532,3108
62.68,76,86,1879,2589,3152
62.7,72,121,1740,2527,3056
62.72,65,119,1640,2435,3126
62.74,72,113,1549,2528,3198
62.76,76,111,1481,2496,3099
62.78,76,111,1301,2322,3097
62.8,86,141,1183,2199,2996
62.82,87,112,1094,2056,2973
62.84,71,104,1072,2069,3029
62.86,85,101,954,1934,2866
62.88,74,98,936,1879,2887
62.9,72,91,779,1756,2878
62.92,73,115,799,1678,2834
62.94,66,99,749,1678,2892
62.96,79,126,647,1561,2832
62.98,87,118,669,1464,2829
63,54,99,600,1407,2608
63.02,85,120,545,1326,2689
63.04,69,105,579,1173,2620
63.06,73,114,511,1175,2580
63.08,70,135,507,1062,2631
63.1,84,117,479,1087,2465
63.12,59,109,447,982,2523
63.14,80,92,435,932,2431
63.16,82,114,474,893,2465
63.18,95,103,394,880,2522
63.2,69,93,409,829,2363
63.22,91,115,462,748,2428
63.24,68,98,423,672,2332
63.26,75,104,422,671,2360
63.28,78,113,444,640,2296
63.3,81,116,428,575,2248
63.32,70,93,430,594,2344
63.34,86,106,384,522,2176
63.36,73,120,424,570,2305
63.38,89,113,443,510,2060
63.4,74,92,439,522,2167
63.42,71,110,454,499,2114
63.44,91,114,460,460,2102
63.46,61,96,505,425,2083
63.48,69,113,549,403,2060
63.5,84,101,587,394,2114
63.52,84,73,588,352,2010
63.54,61,112,619,389,2034
63.56,61,125,709,353,1989
63.58,69,105,697,344,1963
63.6,81,101,696,314,2050
63.62,71,103,748,323,1924
63.64,75,93,833,323,1911
63.66,99,110,912,321,1836
63.68,77,111,912,282,1949
63.7,82,124,1077,289,2012
63.72,80,89,1129,281,1960
63.74,71,98,1168,300,1922
63.76,63,113,1273,272,1969
63.78,72,106,1347,276,1857
63.8,82,105,1331,239,1861
63.82,75,96,1407,251,1774
63.84,89,115,1447,251,1758
63.86,61,96,1518,240,1736
63.88,78,87,1609,268,1626
63.9,71,119,1733,243,1729
63.92,66,127,1689,259,1715
63.94,85,113,1690,212,1684
63.96,72,104,1785,238,1676
63.98,87,100,1762,220,1657
64,89,116,1672,202,1487
64.02,73,106,1632,218,1599
64.04,84,121,1660,208,1514
64.06,67,107,1667,221,1608
64.08,79,136,1622,202,1594
64.1,65,103,1576,231,1518
64.12,66,120,1469,197,1531
64.14,66,81,1454,197,1504
64.16,79,76,1346,197,1449
64.18,66,106,1323,185,1458
64.2,78,85,1258,209,1418
64.22,90,104,1142,184,1459
64.24,76,109,1056,202,1396
64.26,68,114,968,188,1395
64.28,80,91,885,169,1315
64.3,55,124,902,193,1340
64.32,84,90,809,198,1309
64.34,69,101,706,181,1273
64.36,68,107,670,181,1223
64.38,74,112,666,144,1237
64.4,73,110,587,142,1227
64.42,70,96,566,183,1199
64.44,75,114,567,178,1156
64.46,77,123,497,183,1090
64.48,70,127,506,170,1129
64.5,66,109,453,162,1098
64.52,83,114,418,177,1165
64.54,70,92,425,163,1110
64.56,85,118,346,162,1043
64.58,80,90,331,155,1048
64.6,88,111,318,194,1012
64.62,71,96,323,156,988
64.64,80,130,272,163,982
64.66,65,107,286,164,944
64.68,82,96,250,150,949
64.7,68,96,237,150,968
64.72,77,114,230,167,924
64.74,79,96,239,137,951
64.76,81,116,229,148,913
64.78,75,110,235,164,879
64.8,81,104,223,152,837
64.82,76,101,190,147,832
64.84,79,103,220,133,838
64.86,71,112,195,145,717
64.88,77,118,180,165,751
64.9,84,116,207,159,725
64.92,65,104,181,155,698
64.94,70,83,206,137,731
64.96,73,91,220,146,690
64.98,75,101,190,129,673
65,49,120,191,133,666
65.02,79,95,166,138,682
65.04,88,109,180,115,649
65.06,78,109,179,138,662
65.08,75,98,143,139,633
65.1,75,128,168,119,605
65.12,77,101,215,145,599
65.14,91,94,148,136,605
65.16,65,90,164,144,544
65.18,65,104,148,132,610
65.2,71,118,144,122,599
65.22,75,112,140,131,511
65.24,65,105,157,144,517
65.26,71,125,139,123,532
65.28,76,103,144,141,505
65.3,74,105,154,128,483
65.32,78,124,141,129,533
65.34,65,103,158,136,531
65.36,71,102,131,136,508
65.38,79,115,133,133,529
65.4,84,126,125,150,464
65.42,71,115,137,118,490
65.44,70,106,121,137,469
65.46,67,85,128,138,450
65.48,73,90,148,119,459
65.5,72,97,132,125,410
65.52,78,104,146,126,448
65.54,56,86,139,104,416
65.56,83,90,142,131,429
65.58,74,120,127,140,414
65.6,74,93,147,141,406
65.62,66,111,161,150,442
65.64,80,112,135,121,407
65.66,74,121,128,119,365
65.68,90,119,125,133,393
65.7,102,124,115,136,371
65.72,73,92,128,127,376
65.74,80,85,136,112,354
65.76,81,92,137,129,345
65.78,94,107,142,119,381
65.8,61,93,139,133,317
65.82,90,98,129,139,330
65.84,69,95,118,123,381
65.86,61,105,109,111,311
65.88,58,101,132,136,353
65.9,80,102,123,116,336
65.92,58,108,109,97,298
65.94,68,96,109,129,314
65.96,75,88,97,107,327
65.98,77,106,131,145,316
66,59,120,121,105,327
66.02,67,113,130,122,319
66.04,97,107,121,107,348
66.06,95,91,118,117,357
66.08,67,121,115,102,303
66.1,90,133,101,112,331
66.12,70,110,110,104,298
66.14,78,126,126,115,298
66.16,53,113,126,132,253
66.18,71,98,114,105,299
66.2,74,118,129,113,295
66.22,86,103,79,132,279
66.24,66,119,87,113,268
66.26,74,114,109,102,274
66.28,78,114,109,122,293
66.3,81,112,94,115,287
66.32,76,111,130,118,305
66.34,62,118,117,118,279
66.36,59,124,113,122,285
66.38,76,94,104,138,272
66.4,74,115,119,100,269
66.42,82,86,87,116,273
66.44,77,109,94,124,280
66.46,54,105,101,113,263
66.48,78,112,124,101,272
66.5,51,105,107,106,236
66.52,73,83,103,113,284
66.54,89,102,107,117,270
66.56,94,103,109,129,253
66.58,79,105,105,118,291
66.6,73,102,110,111,249
66.62,73,111,92,100,253
66.64,73,103,105,101,258
66.66,87,109,88,114,256
66.68,65,102,97,104,254
66.7,68,113,101,94,246
66.72,70,107,125,111,239
66.74,66,115,121,111,214
66.76,76,100,113,92,238
66.78,64,95,120,121,247
66.8,68,97,93,102,240
66.82,82,92,106,134,240
66.84,75,103,111,107,252
66.86,87,102,105,98,236
66.88,75,105,109,116,260
66.9,78,111,119,94,242
66.92,70,114,110,96,234
66.94,64,105,99,106,216
66.96,70,100,84,124,236
66.98,56,104,103,133,236
67,75,118,97,119,268
67.02,65,85,106,121,234
67.04,76,104,94,101,225
67.06,76,122,119,115,230
67.08,71,82,98,123,220
67.1,62,115,90,107,238
67.12,86,103,78,124,249
67.14,85,111,93,107,228
67.16,75,125,112,77,255
67.18,63,110,98,118,245
67.2,73,96,106,125,224
67.22,74,115,106,104,256
67.24,73,108,92,137,241
67.26,56,114,85,118,213
67.28,62,100,104,96,230
67.3,80,113,108,94,216
67.32,84,110,118,82,200
67.34,68,106,110,120,205
67.36,78,96,115,96,218
67.38,79,101,76,114,186
67.4,53,115,104,119,251
67.42,69,95,99,94,194
67.44,76,102,90,96,187
67.46,68,115,92,124,215
67.48,76,119,105,111,193
67.5,71,100,107,86,179
67.52,86,116,100,100,216
67.54,77,101,99,96,221
67.56,75,109,104,107,206
67.58,55,93,84,121,218
67.6,71,97,99,86,196
67.62,65,98,103,101,203
67.64,82,90,93,105,180
67.66,66,92,83,98,246
67.68,72,117,103,78,206
67.7,80,103,98,120,171
67.72,80,106,112,121,191
67.74,77,104,80,88,200
67.76,75,107,104,112,212
67.78,75,100,80,121,201
67.8,87,119,97,98,227
67.82,97,99,117,112,207
67.84,75,108,99,118,186
67.86,72,95,90,110,211
67.88,83,101,96,109,171
67.9,78,77,118,95,192
67.92,87,119,99,110,190
67.94,90,80,84,92,182
67.96,66,103,89,106,217
67.98,74,96,100,106,250
68,78,118,121,106,187
68.02,82,124,99,81,218
68.04,81,84,111,102,200
68.06,85,91,99,112,199
68.08,61,84,96,103,202
68.1,63,100,73,98,212
68.12,85,114,95,117,192
68.14,80,105,80,99,196
68.16,82,104,84,91,235
68.18,84,109,97,128,176
68.2,76,116,111,102,194
68.22,73,104,83,100,195
68.24,87,98,100,110,206
68.26,71,93,91,102,174
68.28,86,111,99,105,207
68.3,76,118,109,99,176
68.32,61,102,81,109,227
68.34,78,93,104,98,179
68.36,69,102,84,112,220
68.38,107,102,94,103,211
68.4,85,123,93,118,223
68.42,82,85,92,106,194
68.44,68,108,101,87,159
68.46,58,89,89,97,190
68.48,62,107,98,122,214
68.5,78,86,107,119,199
68.52,76,126,92,94,186
68.54,85,101,105,124,225
68.56,71,93,87,88,191
68.58,86,115,113,97,214
68.6,86,127,87,93,197
68.62,75,98,89,83,227
68.64,82,112,89,97,194
68.66,67,126,87,108,203
68.68,78,127,73,104,195
68.7,82,122,90,108,183
68.72,70,104,99,101,173
68.74,70,104,95,93,196
68.76,85,99,85,99,201
68.78,82,103,93,87,188
68.8,79,88,88,89,180
68.82,62,97,79,99,173
68.84,70,104,91,110,209
68.86,85,111,107,110,185
68.88,74,94,128,109,201
68.9,74,103,96,106,180
68.92,74,96,87,99,211
68.94,82,111,89,93,176
68.96,82,92,105,74,187
68.98,68,110,86,111,199
69,79,113,102,120,202
69.02,71,110,101,117,208
69.04,69,104,90,122,192
69.06,65,101,117,85,193
69.08,84,114,105,98,175
69.1,75,89,91,109,181
69.12,68,118,90,109,181
69.14,83,111,88,129,192
69.16,90,120,122,102,180
69.18,69,117,100,108,178
69.2,56,94,90,86,184
69.22,84,129,101,103,209
69.24,52,102,91,117,228
69.26,71,90,111,101,232
69.28,67,105,71,109,208
69.3,73,120,94,100,179
69.32,71,109,93,107,188
69.34,75,115,95,101,192
69.36,58,123,114,103,199
69.38,90,114,113,105,208
69.4,59,105,95,93,220
69.42,76,122,110,94,212
69.44,61,112,118,93,202
69.46,77,104,84,103,187
69.48,58,106,96,109,192
69.5,70,108,112,96,192
69.52,76,80,71,111,172
69.54,74,103,98,113,201
69.56,70,102,82,113,200
69.58,69,92,92,98,190
69.6,63,102,93,116,203
69.62,80,122,123,100,199
69.64,84,112,108,95,192
69.66,77,109,102,101,225
69.68,84,109,117,99,192
69.7,69,110,94,129,194
69.72,69,117,78,119,172
69.74,69,99,110,101,212
69.76,58,113,99,100,209
69.78,84,113,92,117,191
69.8,72,117,88,102,228
69.82,69,121,89,100,210
69.84,65,121,71,89,182
69.86,81,121,107,90,204
69.88,68,101,97,102,194
69.9,66,115,92,127,192
69.92,65,125,108,118,198
69.94,88,109,94,95,217
69.96,58,119,99,99,207
69.98,78,89,122,103,212
70,90,109,87,119,197
70.02,86,105,111,114,212
70.04,78,125,91,109,204
70.06,79,104,117,102,215
70.08,70,89,95,105,181
70.1,69,108,110,103,236
70.12,74,94,86,113,254
70.14,89,98,95,106,217
70.16,87,97,100,133,228
70.18,85,127,92,107,219
70.2,78,99,109,99,235
70.22,88,106,115,104,231
70.24,71,114,116,105,228
70.26,77,109,114,105,195
70.28,84,85,91,111,205
70.3,83,115,122,103,232
70.32,60,109,100,110,269
70.34,79,107,111,95,211
70.36,68,119,106,100,255
70.38,82,116,127,101,257
70.4,73,106,110,115,239
70.42,81,93,108,101,248
70.44,75,106,102,100,246
70.46,67,91,96,114,274
70.48,91,88,117,93,238
70.5,55,93,106,113,246
70.52,71,106,116,119,254
70.54,69,93,105,114,282
70.56,83,112,90,107,268
70.58,77,121,121,101,245
70.6,91,92,110,100,247
70.62,76,96,121,113,281
70.64,93,113,110,129,268
70.66,86,106,115,101,255
70.68,75,108,114,102,263
70.7,71,83,122,101,251
70.72,65,102,109,92,254
70.74,65,112,133,106,284
70.76,101,110,125,122,271
70.78,85,123,135,133,289
70.8,86,88,119,102,290
70.82,77,95,103,108,342
70.84,83,103,118,119,337
70.86,93,106,98,102,314
70.88,65,100,104,114,289
70.9,66,110,139,98,297
70.92,63,95,115,94,318
70.94,83,102,134,97,348
70.96,88,107,111,112,315
70.98,70,121,117,108,365
71,78,95,125,103,345
71.02,59,120,139,108,362
71.04,89,103,150,101,372
71.06,85,85,121,98,406
71.08,78,90,130,121,408
71.1,68,131,124,110,374
71.12,79,91,141,123,347
71.14,86,109,151,113,364
71.16,54,96,142,107,400
71.18,69,103,148,124,395
71.2,67,115,161,104,415
71.22,68,110,161,121,408
71.24,59,109,153,116,420
71.26,77,110,164,97,441
71.28,64,112,168,119,414
71.3,45,107,184,134,449
71.32,80,103,193,90,455
71.34,77,121,191,114,436
71.36,81,99,203,126,488
71.38,89,92,244,102,431
71.4,84,102,231,114,469
71.42,82,115,245,94,483
71.44,106,103,209,109,487
71.46,62,111,274,136,481
71.48,70,100,292,91,475
71.5,66,90,332,118,471
71.52,71,104,333,95,472
71.54,80,112,375,93,502
71.56,80,95,376,118,541
71.58,73,109,348,128,570
71.6,68,104,395,108,525
71.62,62,120,428,101,531
71.64,80,109,452,116,601
71.66,78,111,516,109,590
71.68,82,114,538,113,571
71.7,68,108,533,104,616
71.72,87,110,594,110,532
71.74,77,131,589,116,573
71.76,78,112,623,130,565
71.78,81,128,638,99,598
71.8,86,112,720,108,560
71.82,69,102,713,105,574
71.84,63,91,695,120,605
71.86,70,86,786,137,529
71.88,58,112,761,110,574
71.9,62,99,788,118,622
71.92,76,132,759,104,582
71.94,78,105,807,107,539
71.96,61,92,804,121,568
71.98,81,100,817,131,573
72,64,114,738,163,628
72.02,64,123,772,126,561
72.04,68,82,719,110,577
72.06,71,93,729,137,602
72.08,77,93,682,100,570
72.1,66,95,599,124,541
72.12,91,93,599,141,571
72.14,84,92,551,158,588
72.16,67,112,586,137,607
72.18,89,128,489,121,545
72.2,72,109,567,120,588
72.22,81,115,492,136,548
72.24,75,112,428,132,588
72.26,68,114,431,132,535
72.28,66,88,415,127,549
72.3,65,120,391,107,573
72.32,62,104,359,125,535
72.34,73,101,318,133,519
72.36,69,102,306,138,551
72.38,80,126,277,121,569
72.4,71,108,267,132,547
72.42,75,106,261,143,519
72.44,62,115,243,134,586
72.46,73,111,261,133,578
72.48,74,107,244,144,531
72.5,58,101,238,150,508
72.52,71,105,222,151,532
72.54,71,120,203,131,528
72.56,84,105,234,157,477
72.58,76,122,161,160,506
72.6,91,105,188,155,512
72.62,68,104,157,165,485
72.64,75,98,144,163,516
72.66,83,128,165,140,522
72.68,87,118,152,147,451
72.7,76,106,165,159,541
72.72,71,122,166,157,524
72.74,77,111,143,169,493
72.76,75,112,114,166,529
72.78,74,106,142,175,524
72.8,81,109,123,170,473
72.82,85,91,129,163,499
72.84,64,106,126,177,443
72.86,69,111,131,188,508
72.88,86,124,114,188,550
72.9,86,126,129,185,490
72.92,64,97,131,180,504
72.94,78,112,141,202,491
72.96,81,102,107,205,494
72.98,68,107,130,198,466
73,75,130,121,248,497
73.02,76,113,104,204,504
73.04,87,86,93,226,495
73.06,63,113,126,226,504
73.08,70,100,104,227,521
73.1,71,103,118,240,516
73.12,73,114,107,254,534
73.14,71,98,131,238,517
73.16,62,122,126,245,546
73.18,72,127,128,266,566
73.2,96,128,90,283,550
73.22,64,125,117,293,517
73.24,60,99,124,290,554
73.26,88,106,110,315,512
73.28,49,116,130,338,619
73.3,75,106,119,295,538
73.32,74,84,92,336,547
73.34,86,113,118,359,584
73.36,75,110,79,372,574
73.38,70,88,119,418,541
73.4,74,123,89,414,546
73.42,70,121,117,419,602
73.44,67,114,99,453,584
73.46,70,96,102,449,603
73.48,82,103,83,489,566
73.5,74,106,87,535,614
73.52,67,76,115,536,636
73.54,57,101,80,556,604
73.56,87,97,104,612,596
73.58,82,83,95,634,592
73.6,76,92,121,587,606
73.62,71,99,116,673,641
73.64,66,95,91,791,594
73.66,85,102,98,811,646
73.68,84,93,112,788,685
73.7,58,95,114,859,697
73.72,68,95,108,907,725
73.74,82,88,117,900,670
73.76,84,110,94,935,707
73.78,72,102,116,938,687
73.8,85,115,99,947,666
73.82,76,109,107,992,681
73.84,75,101,84,1020,679
73.86,84,99,95,1038,691
73.88,70,109,98,978,679
73.9,81,94,111,1051,696
73.92,59,98,109,1109,627
73.94,71,109,80,1054,647
73.96,76,103,98,1058,658
73.98,72,86,102,1155,660
74,88,102,100,1101,691
74.02,74,108,110,1087,654
74.04,77,102,89,1077,666
74.06,75,108,88,1109,669
74.08,94,96,100,1087,651
74.1,67,95,99,1039,667
74.12,61,94,90,1037,658
74.14,72,103,110,993,646
74.16,78,123,79,1050,638
74.18,51,123,101,978,621
74.2,71,77,100,890,648
74.22,83,97,90,893,621
74.24,72,91,93,935,670
74.26,73,84,86,874,659
74.28,77,104,70,828,620
74.3,85,99,101,843,634
74.32,63,97,85,810,664
74.34,71,99,90,701,585
74.36,81,121,109,721,608
74.38,76,123,88,699,589
74.4,93,108,85,649,595
74.42,82,115,93,620,574
74.44,76,104,86,629,540
74.46,87,81,106,592,563
74.48,58,112,121,554,532
74.5,80,108,84,548,529
74.52,94,79,113,488,513
74.54,77,91,97,487,528
74.56,73,105,100,453,502
74.58,85,104,110,457,507
74.6,62,99,95,474,542
74.62,66,105,85,399,533
74.64,84,97,93,367,430
74.66,88,107,104,393,509
74.68,80,99,73,413,500
74.7,64,104,100,366,450
74.72,75,114,103,362,475
74.74,68,110,97,322,481
74.76,90,113,83,279,455
74.78,71,100,117,296,467
74.8,75,122,105,269,443
74.82,79,113,93,300,397
74.84,65,114,95,299,422
74.86,91,101,94,239,436
74.88,68,101,65,223,391
74.9,84,126,103,236,411
74.92,59,102,115,212,402
74.94,72,109,82,237,410
74.96,78,95,98,245,385
74.98,80,106,88,237,386
75,74,90,93,208,368
75.02,75,124,94,207,360
75.04,102,107,97,214,366
75.06,89,110,108,194,387
75.08,71,125,96,188,336
75.1,67,115,88,191,326
75.12,68,93,92,181,332
75.14,71,123,112,175,322
75.16,74,118,100,202,311
75.18,61,85,96,180,301
75.2,82,88,89,156,335
75.22,73,87,94,161,320
75.24,57,111,100,184,296
75.26,94,123,75,149,268
75.28,65,133,103,176,304
75.3,85,119,90,180,299
75.32,64,122,68,155,288
75.34,90,110,100,165,271
75.36,69,88,87,162,288
75.38,89,105,70,175,258
75.4,79,99,84,140,267
75.42,61,96,96,142,264
75.44,68,96,73,152,275
75.46,90,112,97,153,271
75.48,74,121,86,164,214
75.5,93,113,94,149,248
75.52,59,117,66,159,228
75.54,71,111,104,151,236
75.56,65,107,94,160,217
75.58,83,103,98,133,239
75.6,57,98,87,151,249
75.62,74,97,103,151,221
75.64,80,122,99,149,251
75.66,60,92,93,131,229
75.68,94,97,91,133,239
75.7,77,91,90,116,214
75.72,96,103,86,142,231
75.74,65,90,89,126,222
75.76,68,104,74,135,241
75.78,81,124,82,155,254
75.8,67,117,97,142,200
75.82,64,102,88,118,213
75.84,74,100,87,116,176
75.86,85,101,107,128,183
75.88,71,94,85,127,187
75.9,81,100,93,105,191
75.92,71,118,73,122,209
75.94,60,107,100,105,198
75.96,81,105,83,121,181
75.98,59,105,93,94,216
76,79,107,87,114,214
76.02,78,95,93,133,213
76.04,62,138,92,121,168
76.06,88,114,80,118,202
76.08,70,104,91,122,186
76.1,69,99,105,131,166
76.12,75,108,90,122,170
76.14,78,109,59,119,220
76.16,76,100,113,122,169
76.18,93,116,72,112,165
76.2,72,115,104,120,179
76.22,71,92,76,120,172
76.24,67,98,96,91,176
76.26,68,98,84,116,175
76.28,77,104,80,124,162
76.3,72,93,80,127,165
76.32,73,90,75,134,185
76.34,74,105,102,99,146
76.36,61,98,79,106,155
76.38,67,118,99,122,175
76.4,66,121,112,116,176
76.42,67,119,91,148,148
76.44,63,109,97,95,166
76.46,82,108,78,118,171
76.48,77,93,101,121,181
76.5,79,105,100,102,154
76.52,85,135,109,127,178
76.54,60,115,103,97,177
76.56,80,98,78,116,142
76.58,63,79,86,101,157
76.6,74,111,92,115,183
76.62,70,119,83,110,162
76.64,76,95,88,129,158
76.66,70,121,79,109,168
76.68,66,107,83,105,153
76.7,52,118,95,95,158
76.72,73,87,82,108,142
76.74,83,109,74,104,146
76.76,76,95,79,94,125
76.78,75,108,81,106,154
76.8,82,111,93,116,156
76.82,68,117,78,114,162
76.84,73,97,88,93,155
76.86,60,109,101,88,172
76.88,82,93,99,111,160
76.9,80,108,85,116,149
76.92,75,117,88,105,133
76.94,75,106,113,111,139
76.96,88,85,75,109,150
76.98,80,125,71,111,134
77,86,90,110,101,152
77.02,79,109,81,110,156
77.04,52,132,80,103,146
77.06,86,99,86,102,132
77.08,81,97,94,111,150
77.1,66,116,87,104,142
77.12,66,121,104,135,160
77.14,86,107,76,105,156
77.16,78,107,87,94,143
77.18,77,111,75,92,132
77.2,71,93,95,97,149
77.22,57,111,73,109,163
77.24,72,105,109,84,168
77.26,70,101,97,86,130
77.28,69,110,68,112,141
77.3,62,100,92,105,147
77.32,68,117,87,97,139
77.34,74,89,89,114,142
77.36,86,117,80,108,156
77.38,96,87,84,105,149
77.4,74,98,92,101,131
77.42,69,95,96,112,150
77.44,77,94,84,132,150
77.46,95,123,103,113,151
77.48,74,105,87,90,139
77.5,60,109,76,107,149
77.52,71,124,96,114,166
77.54,84,107,100,100,140
77.56,69,84,95,84,138
77.58,63,97,95,102,149
77.6,60,101,80,106,140
77.62,82,115,82,88,161
77.64,79,102,95,107,160
77.66,71,107,98,93,143
77.68,75,127,92,95,128
77.7,80,123,74,102,131
77.72,91,112,94,110,141
77.74,79,115,72,99,127
77.76,77,113,94,122,141
77.78,95,99,89,99,128
77.8,66,75,94,89,146
77.82,69,117,88,100,132
77.84,76,86,68,92,150
77.86,63,107,94,105,134
77.88,81,129,78,104,144
77.9,81,122,107,89,134
77.92,74,101,78,84,134
77.94,83,101,92,91,147
77.96,80,99,84,121,126
77.98,90,97,85,97,183
78,90,111,83,104,119
78.02,77,102,97,95,121
78.04,74,87,74,82,103
78.06,79,116,75,93,135
78.08,75,98,101,90,134
78.1,75,117,101,113,128
78.12,84,89,100,103,129
78.14,64,120,79,114,137
78.16,72,144,85,89,141
78.18,66,95,94,92,134
78.2,73,104,96,101,139
78.22,70,86,85,100,152
78.24,55,109,88,98,133
78.26,79,98,79,92,118
78.28,84,84,81,84,125
78.3,72,96,74,97,134
78.32,73,102,80,103,124
78.34,74,116,89,106,125
78.36,87,107,61,83,138
78.38,64,102,88,98,107
78.4,74,142,92,91,130
78.42,71,84,71,92,149
78.44,71,102,72,88,110
78.46,85,94,71,98,134
78.48,82,120,80,87,107
78.5,68,103,93,114,117
78.52,60,101,94,107,135
78.54,83,108,90,82,123
78.56,66,102,87,98,116
78.58,99,106,103,116,138
78.6,70,105,98,99,136
78.62,81,91,108,97,143
78.64,56,104,84,105,135
78.66,57,89,68,99,111
78.68,77,110,102,93,132
78.7,81,108,82,72,139
78.72,64,102,90,95,111
78.74,80,102,80,86,146
78.76,71,121,73,117,120
78.78,69,115,85,108,111
78.8,89,101,88,94,118
78.82,82,104,80,77,127
78.84,60,112,71,109,130
78.86,84,115,100,87,113
78.88,84,115,81,97,137
78.9,93,97,78,76,123
78.92,64,90,82,97,126
78.94,94,112,81,92,110
78.96,73,108,98,112,129
78.98,80,109,83,81,138
79,80,89,77,89,111
79.02,95,109,112,93,135
79.04,75,106,76,107,155
79.06,64,108,80,89,126
79.08,65,119,69,101,125
79.1,79,115,106,96,119
79.12,64,125,63,84,143
79.14,70,113,81,105,134
79.16,76,94,92,85,127
79.18,63,118,99,97,134
79.2,73,102,74,77,109
79.22,84,102,85,112,120
79.24,78,115,91,88,121
79.26,64,117,75,112,111
79.28,71,85,83,101,152
79.3,81,123,84,94,141
79.32,93,109,101,96,98
79.34,94,143,78,97,118
79.36,76,87,86,103,133
79.38,74,108,75,99,122
79.4,68,88,91,83,134
79.42,77,89,81,77,118
79.44,74,105,110,87,130
79.46,79,105,74,88,123
79.48,77,105,100,105,109
79.5,77,118,82,86,147
79.52,60,103,94,102,126
79.54,87,110,96,108,122
79.56,61,92,74,93,133
79.58,68,115,82,91,122
79.6,71,89,89,95,120
79.62,75,105,86,105,102
79.64,79,99,78,96,116
79.66,70,103,79,115,162
79.68,88,102,89,79,116
79.7,65,112,97,72,119
79.72,77,99,80,80,135
79.74,77,89,82,103,106
79.76,73,107,73,90,116
79.78,88,92,96,100,130
79.8,67,96,87,87,136
79.82,55,107,72,83,127
79.84,69,113,80,81,146
79.86,67,104,78,92,119
79.88,76,116,62,114,120
79.9,76,99,78,90,133
79.92,89,101,103,87,127
79.94,77,106,83,91,129
79.96,55,102,112,101,135
79.98,74,102,84,92,136
80,78,100,100,95,94
